-- MySQL dump 10.13  Distrib 8.0.40, for Linux (x86_64)
--
-- Host: localhost    Database: SouthWind_db
-- ------------------------------------------------------
-- Server version	8.0.40-0ubuntu0.22.04.1

/*!40101 SET @OLD_CHARACTER_SET_CLIENT=@@CHARACTER_SET_CLIENT */;
/*!40101 SET @OLD_CHARACTER_SET_RESULTS=@@CHARACTER_SET_RESULTS */;
/*!40101 SET @OLD_COLLATION_CONNECTION=@@COLLATION_CONNECTION */;
/*!50503 SET NAMES utf8mb4 */;
/*!40103 SET @OLD_TIME_ZONE=@@TIME_ZONE */;
/*!40103 SET TIME_ZONE='+00:00' */;
/*!40014 SET @OLD_UNIQUE_CHECKS=@@UNIQUE_CHECKS, UNIQUE_CHECKS=0 */;
/*!40014 SET @OLD_FOREIGN_KEY_CHECKS=@@FOREIGN_KEY_CHECKS, FOREIGN_KEY_CHECKS=0 */;
/*!40101 SET @OLD_SQL_MODE=@@SQL_MODE, SQL_MODE='NO_AUTO_VALUE_ON_ZERO' */;
/*!40111 SET @OLD_SQL_NOTES=@@SQL_NOTES, SQL_NOTES=0 */;

--
-- Table structure for table `auth_group`
--

DROP TABLE IF EXISTS `auth_group`;
/*!40101 SET @saved_cs_client     = @@character_set_client */;
/*!50503 SET character_set_client = utf8mb4 */;
CREATE TABLE `auth_group` (
  `id` int NOT NULL AUTO_INCREMENT,
  `name` varchar(150) COLLATE utf8mb4_general_ci NOT NULL,
  PRIMARY KEY (`id`),
  UNIQUE KEY `name` (`name`)
) ENGINE=InnoDB AUTO_INCREMENT=3 DEFAULT CHARSET=utf8mb4 COLLATE=utf8mb4_general_ci;
/*!40101 SET character_set_client = @saved_cs_client */;

--
-- Dumping data for table `auth_group`
--

LOCK TABLES `auth_group` WRITE;
/*!40000 ALTER TABLE `auth_group` DISABLE KEYS */;
INSERT INTO `auth_group` VALUES (2,'Editors'),(1,'Moderators');
/*!40000 ALTER TABLE `auth_group` ENABLE KEYS */;
UNLOCK TABLES;

--
-- Table structure for table `auth_group_permissions`
--

DROP TABLE IF EXISTS `auth_group_permissions`;
/*!40101 SET @saved_cs_client     = @@character_set_client */;
/*!50503 SET character_set_client = utf8mb4 */;
CREATE TABLE `auth_group_permissions` (
  `id` bigint NOT NULL AUTO_INCREMENT,
  `group_id` int NOT NULL,
  `permission_id` int NOT NULL,
  PRIMARY KEY (`id`),
  UNIQUE KEY `auth_group_permissions_group_id_permission_id_0cd325b0_uniq` (`group_id`,`permission_id`),
  KEY `auth_group_permissio_permission_id_84c5c92e_fk_auth_perm` (`permission_id`),
  CONSTRAINT `auth_group_permissio_permission_id_84c5c92e_fk_auth_perm` FOREIGN KEY (`permission_id`) REFERENCES `auth_permission` (`id`),
  CONSTRAINT `auth_group_permissions_group_id_b120cbf9_fk_auth_group_id` FOREIGN KEY (`group_id`) REFERENCES `auth_group` (`id`)
) ENGINE=InnoDB AUTO_INCREMENT=19 DEFAULT CHARSET=utf8mb4 COLLATE=utf8mb4_general_ci;
/*!40101 SET character_set_client = @saved_cs_client */;

--
-- Dumping data for table `auth_group_permissions`
--

LOCK TABLES `auth_group_permissions` WRITE;
/*!40000 ALTER TABLE `auth_group_permissions` DISABLE KEYS */;
INSERT INTO `auth_group_permissions` VALUES (9,1,25),(1,1,130),(2,1,131),(3,1,132),(4,1,133),(5,1,134),(6,1,135),(7,1,136),(8,1,137),(18,2,25),(10,2,130),(11,2,131),(12,2,132),(13,2,133),(14,2,134),(15,2,135),(16,2,136),(17,2,137);
/*!40000 ALTER TABLE `auth_group_permissions` ENABLE KEYS */;
UNLOCK TABLES;

--
-- Table structure for table `auth_permission`
--

DROP TABLE IF EXISTS `auth_permission`;
/*!40101 SET @saved_cs_client     = @@character_set_client */;
/*!50503 SET character_set_client = utf8mb4 */;
CREATE TABLE `auth_permission` (
  `id` int NOT NULL AUTO_INCREMENT,
  `name` varchar(255) COLLATE utf8mb4_general_ci NOT NULL,
  `content_type_id` int NOT NULL,
  `codename` varchar(100) COLLATE utf8mb4_general_ci NOT NULL,
  PRIMARY KEY (`id`),
  UNIQUE KEY `auth_permission_content_type_id_codename_01ab375a_uniq` (`content_type_id`,`codename`),
  CONSTRAINT `auth_permission_content_type_id_2f476e4b_fk_django_co` FOREIGN KEY (`content_type_id`) REFERENCES `django_content_type` (`id`)
) ENGINE=InnoDB AUTO_INCREMENT=188 DEFAULT CHARSET=utf8mb4 COLLATE=utf8mb4_general_ci;
/*!40101 SET character_set_client = @saved_cs_client */;

--
-- Dumping data for table `auth_permission`
--

LOCK TABLES `auth_permission` WRITE;
/*!40000 ALTER TABLE `auth_permission` DISABLE KEYS */;
INSERT INTO `auth_permission` VALUES (1,'Can add log entry',1,'add_logentry'),(2,'Can change log entry',1,'change_logentry'),(3,'Can delete log entry',1,'delete_logentry'),(4,'Can view log entry',1,'view_logentry'),(5,'Can add permission',2,'add_permission'),(6,'Can change permission',2,'change_permission'),(7,'Can delete permission',2,'delete_permission'),(8,'Can view permission',2,'view_permission'),(9,'Can add group',3,'add_group'),(10,'Can change group',3,'change_group'),(11,'Can delete group',3,'delete_group'),(12,'Can view group',3,'view_group'),(13,'Can add user',4,'add_user'),(14,'Can change user',4,'change_user'),(15,'Can delete user',4,'delete_user'),(16,'Can view user',4,'view_user'),(17,'Can add content type',5,'add_contenttype'),(18,'Can change content type',5,'change_contenttype'),(19,'Can delete content type',5,'delete_contenttype'),(20,'Can view content type',5,'view_contenttype'),(21,'Can add session',6,'add_session'),(22,'Can change session',6,'change_session'),(23,'Can delete session',6,'delete_session'),(24,'Can view session',6,'view_session'),(25,'Can access Wagtail admin',8,'access_admin'),(26,'Can add locale',10,'add_locale'),(27,'Can change locale',10,'change_locale'),(28,'Can delete locale',10,'delete_locale'),(29,'Can view locale',10,'view_locale'),(30,'Can add site',11,'add_site'),(31,'Can change site',11,'change_site'),(32,'Can delete site',11,'delete_site'),(33,'Can view site',11,'view_site'),(34,'Can add model log entry',12,'add_modellogentry'),(35,'Can change model log entry',12,'change_modellogentry'),(36,'Can delete model log entry',12,'delete_modellogentry'),(37,'Can view model log entry',12,'view_modellogentry'),(38,'Can add collection view restriction',13,'add_collectionviewrestriction'),(39,'Can change collection view restriction',13,'change_collectionviewrestriction'),(40,'Can delete collection view restriction',13,'delete_collectionviewrestriction'),(41,'Can view collection view restriction',13,'view_collectionviewrestriction'),(42,'Can add collection',14,'add_collection'),(43,'Can change collection',14,'change_collection'),(44,'Can delete collection',14,'delete_collection'),(45,'Can view collection',14,'view_collection'),(46,'Can add group collection permission',15,'add_groupcollectionpermission'),(47,'Can change group collection permission',15,'change_groupcollectionpermission'),(48,'Can delete group collection permission',15,'delete_groupcollectionpermission'),(49,'Can view group collection permission',15,'view_groupcollectionpermission'),(50,'Can add uploaded file',16,'add_uploadedfile'),(51,'Can change uploaded file',16,'change_uploadedfile'),(52,'Can delete uploaded file',16,'delete_uploadedfile'),(53,'Can view uploaded file',16,'view_uploadedfile'),(54,'Can add reference index',17,'add_referenceindex'),(55,'Can change reference index',17,'change_referenceindex'),(56,'Can delete reference index',17,'delete_referenceindex'),(57,'Can view reference index',17,'view_referenceindex'),(58,'Can add page',7,'add_page'),(59,'Can change page',7,'change_page'),(60,'Can delete page',7,'delete_page'),(61,'Can view page',7,'view_page'),(62,'Delete pages with children',7,'bulk_delete_page'),(63,'Lock/unlock pages you\'ve locked',7,'lock_page'),(64,'Publish any page',7,'publish_page'),(65,'Unlock any page',7,'unlock_page'),(66,'Can add revision',18,'add_revision'),(67,'Can change revision',18,'change_revision'),(68,'Can delete revision',18,'delete_revision'),(69,'Can view revision',18,'view_revision'),(70,'Can add group page permission',19,'add_grouppagepermission'),(71,'Can change group page permission',19,'change_grouppagepermission'),(72,'Can delete group page permission',19,'delete_grouppagepermission'),(73,'Can view group page permission',19,'view_grouppagepermission'),(74,'Can add page view restriction',20,'add_pageviewrestriction'),(75,'Can change page view restriction',20,'change_pageviewrestriction'),(76,'Can delete page view restriction',20,'delete_pageviewrestriction'),(77,'Can view page view restriction',20,'view_pageviewrestriction'),(78,'Can add workflow page',21,'add_workflowpage'),(79,'Can change workflow page',21,'change_workflowpage'),(80,'Can delete workflow page',21,'delete_workflowpage'),(81,'Can view workflow page',21,'view_workflowpage'),(82,'Can add workflow content type',22,'add_workflowcontenttype'),(83,'Can change workflow content type',22,'change_workflowcontenttype'),(84,'Can delete workflow content type',22,'delete_workflowcontenttype'),(85,'Can view workflow content type',22,'view_workflowcontenttype'),(86,'Can add workflow task order',23,'add_workflowtask'),(87,'Can change workflow task order',23,'change_workflowtask'),(88,'Can delete workflow task order',23,'delete_workflowtask'),(89,'Can view workflow task order',23,'view_workflowtask'),(90,'Can add task',24,'add_task'),(91,'Can change task',24,'change_task'),(92,'Can delete task',24,'delete_task'),(93,'Can view task',24,'view_task'),(94,'Can add workflow',25,'add_workflow'),(95,'Can change workflow',25,'change_workflow'),(96,'Can delete workflow',25,'delete_workflow'),(97,'Can view workflow',25,'view_workflow'),(98,'Can add Group approval task',9,'add_groupapprovaltask'),(99,'Can change Group approval task',9,'change_groupapprovaltask'),(100,'Can delete Group approval task',9,'delete_groupapprovaltask'),(101,'Can view Group approval task',9,'view_groupapprovaltask'),(102,'Can add Workflow state',26,'add_workflowstate'),(103,'Can change Workflow state',26,'change_workflowstate'),(104,'Can delete Workflow state',26,'delete_workflowstate'),(105,'Can view Workflow state',26,'view_workflowstate'),(106,'Can add Task state',27,'add_taskstate'),(107,'Can change Task state',27,'change_taskstate'),(108,'Can delete Task state',27,'delete_taskstate'),(109,'Can view Task state',27,'view_taskstate'),(110,'Can add page log entry',28,'add_pagelogentry'),(111,'Can change page log entry',28,'change_pagelogentry'),(112,'Can delete page log entry',28,'delete_pagelogentry'),(113,'Can view page log entry',28,'view_pagelogentry'),(114,'Can add comment',29,'add_comment'),(115,'Can change comment',29,'change_comment'),(116,'Can delete comment',29,'delete_comment'),(117,'Can view comment',29,'view_comment'),(118,'Can add comment reply',30,'add_commentreply'),(119,'Can change comment reply',30,'change_commentreply'),(120,'Can delete comment reply',30,'delete_commentreply'),(121,'Can view comment reply',30,'view_commentreply'),(122,'Can add page subscription',31,'add_pagesubscription'),(123,'Can change page subscription',31,'change_pagesubscription'),(124,'Can delete page subscription',31,'delete_pagesubscription'),(125,'Can view page subscription',31,'view_pagesubscription'),(126,'Can add user profile',32,'add_userprofile'),(127,'Can change user profile',32,'change_userprofile'),(128,'Can delete user profile',32,'delete_userprofile'),(129,'Can view user profile',32,'view_userprofile'),(130,'Can add document',33,'add_document'),(131,'Can change document',33,'change_document'),(132,'Can delete document',33,'delete_document'),(133,'Can choose document',33,'choose_document'),(134,'Can add image',34,'add_image'),(135,'Can change image',34,'change_image'),(136,'Can delete image',34,'delete_image'),(137,'Can choose image',34,'choose_image'),(138,'Can add editing session',35,'add_editingsession'),(139,'Can change editing session',35,'change_editingsession'),(140,'Can delete editing session',35,'delete_editingsession'),(141,'Can view editing session',35,'view_editingsession'),(142,'Can view document',33,'view_document'),(143,'Can view image',34,'view_image'),(144,'Can add rendition',36,'add_rendition'),(145,'Can change rendition',36,'change_rendition'),(146,'Can delete rendition',36,'delete_rendition'),(147,'Can view rendition',36,'view_rendition'),(148,'Can add tag',37,'add_tag'),(149,'Can change tag',37,'change_tag'),(150,'Can delete tag',37,'delete_tag'),(151,'Can view tag',37,'view_tag'),(152,'Can add tagged item',38,'add_taggeditem'),(153,'Can change tagged item',38,'change_taggeditem'),(154,'Can delete tagged item',38,'delete_taggeditem'),(155,'Can view tagged item',38,'view_taggeditem'),(156,'Can add Продукт',39,'add_grocery'),(157,'Can change Продукт',39,'change_grocery'),(158,'Can delete Продукт',39,'delete_grocery'),(159,'Can view Продукт',39,'view_grocery'),(160,'Can add Элемент',40,'add_element'),(161,'Can change Элемент',40,'change_element'),(162,'Can delete Элемент',40,'delete_element'),(163,'Can view Элемент',40,'view_element'),(164,'Can add Продукт',41,'add_grocerydetail'),(165,'Can change Продукт',41,'change_grocerydetail'),(166,'Can delete Продукт',41,'delete_grocerydetail'),(167,'Can view Продукт',41,'view_grocerydetail'),(168,'Can add Изображение к продукту',42,'add_groceryimage'),(169,'Can change Изображение к продукту',42,'change_groceryimage'),(170,'Can delete Изображение к продукту',42,'delete_groceryimage'),(171,'Can view Изображение к продукту',42,'view_groceryimage'),(172,'Can add Категория продуктов',39,'add_category'),(173,'Can change Категория продуктов',39,'change_category'),(174,'Can delete Категория продуктов',39,'delete_category'),(175,'Can view Категория продуктов',39,'view_category'),(176,'Can add Продукт',41,'add_grocery'),(177,'Can change Продукт',41,'change_grocery'),(178,'Can delete Продукт',41,'delete_grocery'),(179,'Can view Продукт',41,'view_grocery'),(180,'Can add Единица измерения',43,'add_measurementunit'),(181,'Can change Единица измерения',43,'change_measurementunit'),(182,'Can delete Единица измерения',43,'delete_measurementunit'),(183,'Can view Единица измерения',43,'view_measurementunit'),(184,'Can add Объём тары продукта',44,'add_groceryvalue'),(185,'Can change Объём тары продукта',44,'change_groceryvalue'),(186,'Can delete Объём тары продукта',44,'delete_groceryvalue'),(187,'Can view Объём тары продукта',44,'view_groceryvalue');
/*!40000 ALTER TABLE `auth_permission` ENABLE KEYS */;
UNLOCK TABLES;

--
-- Table structure for table `auth_user`
--

DROP TABLE IF EXISTS `auth_user`;
/*!40101 SET @saved_cs_client     = @@character_set_client */;
/*!50503 SET character_set_client = utf8mb4 */;
CREATE TABLE `auth_user` (
  `id` int NOT NULL AUTO_INCREMENT,
  `password` varchar(128) COLLATE utf8mb4_general_ci NOT NULL,
  `last_login` datetime(6) DEFAULT NULL,
  `is_superuser` tinyint(1) NOT NULL,
  `username` varchar(150) COLLATE utf8mb4_general_ci NOT NULL,
  `first_name` varchar(150) COLLATE utf8mb4_general_ci NOT NULL,
  `last_name` varchar(150) COLLATE utf8mb4_general_ci NOT NULL,
  `email` varchar(254) COLLATE utf8mb4_general_ci NOT NULL,
  `is_staff` tinyint(1) NOT NULL,
  `is_active` tinyint(1) NOT NULL,
  `date_joined` datetime(6) NOT NULL,
  PRIMARY KEY (`id`),
  UNIQUE KEY `username` (`username`)
) ENGINE=InnoDB AUTO_INCREMENT=2 DEFAULT CHARSET=utf8mb4 COLLATE=utf8mb4_general_ci;
/*!40101 SET character_set_client = @saved_cs_client */;

--
-- Dumping data for table `auth_user`
--

LOCK TABLES `auth_user` WRITE;
/*!40000 ALTER TABLE `auth_user` DISABLE KEYS */;
INSERT INTO `auth_user` VALUES (1,'pbkdf2_sha256$600000$j8Q4xvKK26xUSBhp00CUvM$qp+cNj92mc0RypNnbN0WPaLkidiF10/bTeM5c4QnCYI=','2024-11-24 10:40:18.691000',1,'admin','','','admin@admin.ru',1,1,'2024-09-30 18:30:06.023000');
/*!40000 ALTER TABLE `auth_user` ENABLE KEYS */;
UNLOCK TABLES;

--
-- Table structure for table `auth_user_groups`
--

DROP TABLE IF EXISTS `auth_user_groups`;
/*!40101 SET @saved_cs_client     = @@character_set_client */;
/*!50503 SET character_set_client = utf8mb4 */;
CREATE TABLE `auth_user_groups` (
  `id` bigint NOT NULL AUTO_INCREMENT,
  `user_id` int NOT NULL,
  `group_id` int NOT NULL,
  PRIMARY KEY (`id`),
  UNIQUE KEY `auth_user_groups_user_id_group_id_94350c0c_uniq` (`user_id`,`group_id`),
  KEY `auth_user_groups_group_id_97559544_fk_auth_group_id` (`group_id`),
  CONSTRAINT `auth_user_groups_group_id_97559544_fk_auth_group_id` FOREIGN KEY (`group_id`) REFERENCES `auth_group` (`id`),
  CONSTRAINT `auth_user_groups_user_id_6a12ed8b_fk_auth_user_id` FOREIGN KEY (`user_id`) REFERENCES `auth_user` (`id`)
) ENGINE=InnoDB DEFAULT CHARSET=utf8mb4 COLLATE=utf8mb4_general_ci;
/*!40101 SET character_set_client = @saved_cs_client */;

--
-- Dumping data for table `auth_user_groups`
--

LOCK TABLES `auth_user_groups` WRITE;
/*!40000 ALTER TABLE `auth_user_groups` DISABLE KEYS */;
/*!40000 ALTER TABLE `auth_user_groups` ENABLE KEYS */;
UNLOCK TABLES;

--
-- Table structure for table `auth_user_user_permissions`
--

DROP TABLE IF EXISTS `auth_user_user_permissions`;
/*!40101 SET @saved_cs_client     = @@character_set_client */;
/*!50503 SET character_set_client = utf8mb4 */;
CREATE TABLE `auth_user_user_permissions` (
  `id` bigint NOT NULL AUTO_INCREMENT,
  `user_id` int NOT NULL,
  `permission_id` int NOT NULL,
  PRIMARY KEY (`id`),
  UNIQUE KEY `auth_user_user_permissions_user_id_permission_id_14a6b632_uniq` (`user_id`,`permission_id`),
  KEY `auth_user_user_permi_permission_id_1fbb5f2c_fk_auth_perm` (`permission_id`),
  CONSTRAINT `auth_user_user_permi_permission_id_1fbb5f2c_fk_auth_perm` FOREIGN KEY (`permission_id`) REFERENCES `auth_permission` (`id`),
  CONSTRAINT `auth_user_user_permissions_user_id_a95ead1b_fk_auth_user_id` FOREIGN KEY (`user_id`) REFERENCES `auth_user` (`id`)
) ENGINE=InnoDB DEFAULT CHARSET=utf8mb4 COLLATE=utf8mb4_general_ci;
/*!40101 SET character_set_client = @saved_cs_client */;

--
-- Dumping data for table `auth_user_user_permissions`
--

LOCK TABLES `auth_user_user_permissions` WRITE;
/*!40000 ALTER TABLE `auth_user_user_permissions` DISABLE KEYS */;
/*!40000 ALTER TABLE `auth_user_user_permissions` ENABLE KEYS */;
UNLOCK TABLES;

--
-- Table structure for table `django_admin_log`
--

DROP TABLE IF EXISTS `django_admin_log`;
/*!40101 SET @saved_cs_client     = @@character_set_client */;
/*!50503 SET character_set_client = utf8mb4 */;
CREATE TABLE `django_admin_log` (
  `id` int NOT NULL AUTO_INCREMENT,
  `action_time` datetime(6) NOT NULL,
  `object_id` longtext COLLATE utf8mb4_general_ci,
  `object_repr` varchar(200) COLLATE utf8mb4_general_ci NOT NULL,
  `action_flag` smallint unsigned NOT NULL,
  `change_message` longtext COLLATE utf8mb4_general_ci NOT NULL,
  `content_type_id` int DEFAULT NULL,
  `user_id` int NOT NULL,
  PRIMARY KEY (`id`),
  KEY `django_admin_log_content_type_id_c4bce8eb_fk_django_co` (`content_type_id`),
  KEY `django_admin_log_user_id_c564eba6_fk_auth_user_id` (`user_id`),
  CONSTRAINT `django_admin_log_content_type_id_c4bce8eb_fk_django_co` FOREIGN KEY (`content_type_id`) REFERENCES `django_content_type` (`id`),
  CONSTRAINT `django_admin_log_user_id_c564eba6_fk_auth_user_id` FOREIGN KEY (`user_id`) REFERENCES `auth_user` (`id`),
  CONSTRAINT `django_admin_log_chk_1` CHECK ((`action_flag` >= 0))
) ENGINE=InnoDB AUTO_INCREMENT=236 DEFAULT CHARSET=utf8mb4 COLLATE=utf8mb4_general_ci;
/*!40101 SET character_set_client = @saved_cs_client */;

--
-- Dumping data for table `django_admin_log`
--

LOCK TABLES `django_admin_log` WRITE;
/*!40000 ALTER TABLE `django_admin_log` DISABLE KEYS */;
INSERT INTO `django_admin_log` VALUES (1,'2024-09-30 18:31:11.700000','1','Крупы и злаки',1,'[{\"added\": {}}]',39,1),(2,'2024-09-30 18:55:39.056000','2','Консервы',1,'[{\"added\": {}}]',39,1),(3,'2024-09-30 18:56:22.620000','3','Мука и макаронные изделия',1,'[{\"added\": {}}]',39,1),(4,'2024-09-30 18:56:48.509000','4','Яйца',1,'[{\"added\": {}}]',39,1),(5,'2024-10-01 14:16:35.685000','1','Первый элемент',1,'[{\"added\": {}}]',40,1),(6,'2024-10-01 14:17:52.961000','2','Второй элемент',1,'[{\"added\": {}}]',40,1),(7,'2024-10-01 14:18:39.522000','3','Третий элемент',1,'[{\"added\": {}}]',40,1),(8,'2024-10-01 14:19:17.085000','4','Четвертый элемент',1,'[{\"added\": {}}]',40,1),(9,'2024-10-01 14:27:02.071000','2','Второй элемент',2,'[{\"changed\": {\"fields\": [\"\\u0418\\u0437\\u043e\\u0431\\u0440\\u0430\\u0436\\u0435\\u043d\\u0438\\u0435 \\u044d\\u043b\\u0435\\u043c\\u0435\\u043d\\u0442\\u0430\"]}}]',40,1),(10,'2024-10-01 14:27:18.886000','1','Первый элемент',2,'[{\"changed\": {\"fields\": [\"\\u0418\\u0437\\u043e\\u0431\\u0440\\u0430\\u0436\\u0435\\u043d\\u0438\\u0435 \\u044d\\u043b\\u0435\\u043c\\u0435\\u043d\\u0442\\u0430\"]}}]',40,1),(11,'2024-10-01 14:27:25.506000','3','Третий элемент',2,'[{\"changed\": {\"fields\": [\"\\u0418\\u0437\\u043e\\u0431\\u0440\\u0430\\u0436\\u0435\\u043d\\u0438\\u0435 \\u044d\\u043b\\u0435\\u043c\\u0435\\u043d\\u0442\\u0430\"]}}]',40,1),(12,'2024-10-01 14:27:32.253000','4','Четвертый элемент',2,'[{\"changed\": {\"fields\": [\"\\u0418\\u0437\\u043e\\u0431\\u0440\\u0430\\u0436\\u0435\\u043d\\u0438\\u0435 \\u044d\\u043b\\u0435\\u043c\\u0435\\u043d\\u0442\\u0430\"]}}]',40,1),(13,'2024-10-01 15:45:03.707000','1','Первый элемент',2,'[{\"changed\": {\"fields\": [\"\\u041e\\u043f\\u0438\\u0441\\u0430\\u043d\\u0438\\u0435 \\u044d\\u043b\\u0435\\u043c\\u0435\\u043d\\u0442\\u0430\"]}}]',40,1),(14,'2024-10-01 15:45:52.594000','2','Второй элемент',2,'[{\"changed\": {\"fields\": [\"\\u041e\\u043f\\u0438\\u0441\\u0430\\u043d\\u0438\\u0435 \\u044d\\u043b\\u0435\\u043c\\u0435\\u043d\\u0442\\u0430\"]}}]',40,1),(15,'2024-10-01 15:45:57.937000','3','Третий элемент',2,'[{\"changed\": {\"fields\": [\"\\u041e\\u043f\\u0438\\u0441\\u0430\\u043d\\u0438\\u0435 \\u044d\\u043b\\u0435\\u043c\\u0435\\u043d\\u0442\\u0430\"]}}]',40,1),(16,'2024-10-01 15:46:01.915000','4','Четвертый элемент',3,'',40,1),(17,'2024-10-01 15:49:18.434000','2','Второй элемент',2,'[{\"changed\": {\"fields\": [\"\\u041e\\u043f\\u0438\\u0441\\u0430\\u043d\\u0438\\u0435 \\u044d\\u043b\\u0435\\u043c\\u0435\\u043d\\u0442\\u0430\"]}}]',40,1),(18,'2024-10-01 15:49:25.763000','1','Первый элемент',2,'[{\"changed\": {\"fields\": [\"\\u041e\\u043f\\u0438\\u0441\\u0430\\u043d\\u0438\\u0435 \\u044d\\u043b\\u0435\\u043c\\u0435\\u043d\\u0442\\u0430\"]}}]',40,1),(19,'2024-10-01 15:54:44.804000','2','Второй элемент',2,'[{\"changed\": {\"fields\": [\"\\u041e\\u043f\\u0438\\u0441\\u0430\\u043d\\u0438\\u0435 \\u044d\\u043b\\u0435\\u043c\\u0435\\u043d\\u0442\\u0430\"]}}]',40,1),(20,'2024-10-01 15:54:48.600000','1','Первый элемент',2,'[{\"changed\": {\"fields\": [\"\\u041e\\u043f\\u0438\\u0441\\u0430\\u043d\\u0438\\u0435 \\u044d\\u043b\\u0435\\u043c\\u0435\\u043d\\u0442\\u0430\"]}}]',40,1),(21,'2024-10-01 17:49:27.872000','1','Первый элемент',2,'[{\"changed\": {\"fields\": [\"\\u041e\\u043f\\u0438\\u0441\\u0430\\u043d\\u0438\\u0435 \\u044d\\u043b\\u0435\\u043c\\u0435\\u043d\\u0442\\u0430\"]}}]',40,1),(22,'2024-10-01 17:50:28.587000','2','Второй элемент',2,'[{\"changed\": {\"fields\": [\"\\u0418\\u0437\\u043e\\u0431\\u0440\\u0430\\u0436\\u0435\\u043d\\u0438\\u0435 \\u044d\\u043b\\u0435\\u043c\\u0435\\u043d\\u0442\\u0430\"]}}]',40,1),(23,'2024-10-01 17:51:07.801000','2','Второй элемент',2,'[{\"changed\": {\"fields\": [\"\\u041e\\u043f\\u0438\\u0441\\u0430\\u043d\\u0438\\u0435 \\u044d\\u043b\\u0435\\u043c\\u0435\\u043d\\u0442\\u0430\"]}}]',40,1),(24,'2024-10-01 17:51:37.701000','3','Третий элемент',2,'[{\"changed\": {\"fields\": [\"\\u041e\\u043f\\u0438\\u0441\\u0430\\u043d\\u0438\\u0435 \\u044d\\u043b\\u0435\\u043c\\u0435\\u043d\\u0442\\u0430\"]}}]',40,1),(25,'2024-10-01 18:34:11.573000','2','Второй элемент',2,'[{\"changed\": {\"fields\": [\"\\u041e\\u043f\\u0438\\u0441\\u0430\\u043d\\u0438\\u0435 \\u044d\\u043b\\u0435\\u043c\\u0435\\u043d\\u0442\\u0430\"]}}]',40,1),(26,'2024-10-01 18:34:16.296000','1','Первый элемент',2,'[{\"changed\": {\"fields\": [\"\\u041e\\u043f\\u0438\\u0441\\u0430\\u043d\\u0438\\u0435 \\u044d\\u043b\\u0435\\u043c\\u0435\\u043d\\u0442\\u0430\"]}}]',40,1),(27,'2024-10-01 18:34:30.484000','3','Третий элемент',2,'[{\"changed\": {\"fields\": [\"\\u0418\\u0437\\u043e\\u0431\\u0440\\u0430\\u0436\\u0435\\u043d\\u0438\\u0435 \\u044d\\u043b\\u0435\\u043c\\u0435\\u043d\\u0442\\u0430\"]}}]',40,1),(28,'2024-10-02 08:29:23.587000','1','Яйца',1,'[{\"added\": {}}, {\"added\": {\"name\": \"\\u0418\\u0437\\u043e\\u0431\\u0440\\u0430\\u0436\\u0435\\u043d\\u0438\\u0435 \\u043a \\u043f\\u0440\\u043e\\u0434\\u0443\\u043a\\u0442\\u0443\", \"object\": \"\\u0418\\u0437\\u043e\\u0431\\u0440\\u0430\\u0436\\u0435\\u043d\\u0438\\u0435 \\u043a \\u043f\\u0440\\u043e\\u0434\\u0443\\u043a\\u0442\\u0443 - \\u042f\\u0439\\u0446\\u0430\"}}, {\"added\": {\"name\": \"\\u0418\\u0437\\u043e\\u0431\\u0440\\u0430\\u0436\\u0435\\u043d\\u0438\\u0435 \\u043a \\u043f\\u0440\\u043e\\u0434\\u0443\\u043a\\u0442\\u0443\", \"object\": \"\\u0418\\u0437\\u043e\\u0431\\u0440\\u0430\\u0436\\u0435\\u043d\\u0438\\u0435 \\u043a \\u043f\\u0440\\u043e\\u0434\\u0443\\u043a\\u0442\\u0443 - \\u042f\\u0439\\u0446\\u0430\"}}]',41,1),(29,'2024-10-03 11:35:44.764000','2','Мука',1,'[{\"added\": {}}, {\"added\": {\"name\": \"\\u0418\\u0437\\u043e\\u0431\\u0440\\u0430\\u0436\\u0435\\u043d\\u0438\\u0435 \\u043a \\u043f\\u0440\\u043e\\u0434\\u0443\\u043a\\u0442\\u0443\", \"object\": \"\\u0418\\u0437\\u043e\\u0431\\u0440\\u0430\\u0436\\u0435\\u043d\\u0438\\u0435 \\u043a \\u043f\\u0440\\u043e\\u0434\\u0443\\u043a\\u0442\\u0443 - \\u041c\\u0443\\u043a\\u0430\"}}, {\"added\": {\"name\": \"\\u0418\\u0437\\u043e\\u0431\\u0440\\u0430\\u0436\\u0435\\u043d\\u0438\\u0435 \\u043a \\u043f\\u0440\\u043e\\u0434\\u0443\\u043a\\u0442\\u0443\", \"object\": \"\\u0418\\u0437\\u043e\\u0431\\u0440\\u0430\\u0436\\u0435\\u043d\\u0438\\u0435 \\u043a \\u043f\\u0440\\u043e\\u0434\\u0443\\u043a\\u0442\\u0443 - \\u041c\\u0443\\u043a\\u0430\"}}, {\"added\": {\"name\": \"\\u0418\\u0437\\u043e\\u0431\\u0440\\u0430\\u0436\\u0435\\u043d\\u0438\\u0435 \\u043a \\u043f\\u0440\\u043e\\u0434\\u0443\\u043a\\u0442\\u0443\", \"object\": \"\\u0418\\u0437\\u043e\\u0431\\u0440\\u0430\\u0436\\u0435\\u043d\\u0438\\u0435 \\u043a \\u043f\\u0440\\u043e\\u0434\\u0443\\u043a\\u0442\\u0443 - \\u041c\\u0443\\u043a\\u0430\"}}]',41,1),(30,'2024-10-03 11:37:18.475000','3','Крупы и злаки',1,'[{\"added\": {}}, {\"added\": {\"name\": \"\\u0418\\u0437\\u043e\\u0431\\u0440\\u0430\\u0436\\u0435\\u043d\\u0438\\u0435 \\u043a \\u043f\\u0440\\u043e\\u0434\\u0443\\u043a\\u0442\\u0443\", \"object\": \"\\u0418\\u0437\\u043e\\u0431\\u0440\\u0430\\u0436\\u0435\\u043d\\u0438\\u0435 \\u043a \\u043f\\u0440\\u043e\\u0434\\u0443\\u043a\\u0442\\u0443 - \\u041a\\u0440\\u0443\\u043f\\u044b \\u0438 \\u0437\\u043b\\u0430\\u043a\\u0438\"}}, {\"added\": {\"name\": \"\\u0418\\u0437\\u043e\\u0431\\u0440\\u0430\\u0436\\u0435\\u043d\\u0438\\u0435 \\u043a \\u043f\\u0440\\u043e\\u0434\\u0443\\u043a\\u0442\\u0443\", \"object\": \"\\u0418\\u0437\\u043e\\u0431\\u0440\\u0430\\u0436\\u0435\\u043d\\u0438\\u0435 \\u043a \\u043f\\u0440\\u043e\\u0434\\u0443\\u043a\\u0442\\u0443 - \\u041a\\u0440\\u0443\\u043f\\u044b \\u0438 \\u0437\\u043b\\u0430\\u043a\\u0438\"}}]',41,1),(31,'2024-10-03 11:40:36.699000','4','Консервация',1,'[{\"added\": {}}, {\"added\": {\"name\": \"\\u0418\\u0437\\u043e\\u0431\\u0440\\u0430\\u0436\\u0435\\u043d\\u0438\\u0435 \\u043a \\u043f\\u0440\\u043e\\u0434\\u0443\\u043a\\u0442\\u0443\", \"object\": \"\\u0418\\u0437\\u043e\\u0431\\u0440\\u0430\\u0436\\u0435\\u043d\\u0438\\u0435 \\u043a \\u043f\\u0440\\u043e\\u0434\\u0443\\u043a\\u0442\\u0443 - \\u041a\\u043e\\u043d\\u0441\\u0435\\u0440\\u0432\\u0430\\u0446\\u0438\\u044f\"}}, {\"added\": {\"name\": \"\\u0418\\u0437\\u043e\\u0431\\u0440\\u0430\\u0436\\u0435\\u043d\\u0438\\u0435 \\u043a \\u043f\\u0440\\u043e\\u0434\\u0443\\u043a\\u0442\\u0443\", \"object\": \"\\u0418\\u0437\\u043e\\u0431\\u0440\\u0430\\u0436\\u0435\\u043d\\u0438\\u0435 \\u043a \\u043f\\u0440\\u043e\\u0434\\u0443\\u043a\\u0442\\u0443 - \\u041a\\u043e\\u043d\\u0441\\u0435\\u0440\\u0432\\u0430\\u0446\\u0438\\u044f\"}}]',41,1),(32,'2024-10-05 06:28:45.792000','5','Изображение к продукту - Мука',3,'',42,1),(33,'2024-10-05 06:28:45.804000','4','Изображение к продукту - Мука',3,'',42,1),(34,'2024-10-05 06:28:45.816000','3','Изображение к продукту - Мука',3,'',42,1),(35,'2024-10-05 06:37:39.317000','2','Мука',2,'[{\"added\": {\"name\": \"\\u0418\\u0437\\u043e\\u0431\\u0440\\u0430\\u0436\\u0435\\u043d\\u0438\\u0435 \\u043a \\u043f\\u0440\\u043e\\u0434\\u0443\\u043a\\u0442\\u0443\", \"object\": \"\\u0418\\u0437\\u043e\\u0431\\u0440\\u0430\\u0436\\u0435\\u043d\\u0438\\u0435 \\u043a \\u043f\\u0440\\u043e\\u0434\\u0443\\u043a\\u0442\\u0443 - \\u041c\\u0443\\u043a\\u0430\"}}, {\"added\": {\"name\": \"\\u0418\\u0437\\u043e\\u0431\\u0440\\u0430\\u0436\\u0435\\u043d\\u0438\\u0435 \\u043a \\u043f\\u0440\\u043e\\u0434\\u0443\\u043a\\u0442\\u0443\", \"object\": \"\\u0418\\u0437\\u043e\\u0431\\u0440\\u0430\\u0436\\u0435\\u043d\\u0438\\u0435 \\u043a \\u043f\\u0440\\u043e\\u0434\\u0443\\u043a\\u0442\\u0443 - \\u041c\\u0443\\u043a\\u0430\"}}, {\"added\": {\"name\": \"\\u0418\\u0437\\u043e\\u0431\\u0440\\u0430\\u0436\\u0435\\u043d\\u0438\\u0435 \\u043a \\u043f\\u0440\\u043e\\u0434\\u0443\\u043a\\u0442\\u0443\", \"object\": \"\\u0418\\u0437\\u043e\\u0431\\u0440\\u0430\\u0436\\u0435\\u043d\\u0438\\u0435 \\u043a \\u043f\\u0440\\u043e\\u0434\\u0443\\u043a\\u0442\\u0443 - \\u041c\\u0443\\u043a\\u0430\"}}, {\"added\": {\"name\": \"\\u0418\\u0437\\u043e\\u0431\\u0440\\u0430\\u0436\\u0435\\u043d\\u0438\\u0435 \\u043a \\u043f\\u0440\\u043e\\u0434\\u0443\\u043a\\u0442\\u0443\", \"object\": \"\\u0418\\u0437\\u043e\\u0431\\u0440\\u0430\\u0436\\u0435\\u043d\\u0438\\u0435 \\u043a \\u043f\\u0440\\u043e\\u0434\\u0443\\u043a\\u0442\\u0443 - \\u041c\\u0443\\u043a\\u0430\"}}]',41,1),(36,'2024-10-05 08:51:56.686000','13','Изображение к продукту - Мука',2,'[{\"changed\": {\"fields\": [\"\\u0418\\u0437\\u043e\\u0431\\u0440\\u0430\\u0436\\u0435\\u043d\\u0438\\u0435 \\u043f\\u0440\\u043e\\u0434\\u0443\\u043a\\u0442\\u0430\"]}}]',42,1),(37,'2024-10-05 08:52:47.945000','12','Изображение к продукту - Мука',2,'[{\"changed\": {\"fields\": [\"\\u0418\\u0437\\u043e\\u0431\\u0440\\u0430\\u0436\\u0435\\u043d\\u0438\\u0435 \\u043f\\u0440\\u043e\\u0434\\u0443\\u043a\\u0442\\u0430\"]}}]',42,1),(38,'2024-10-05 08:53:05.415000','11','Изображение к продукту - Мука',2,'[{\"changed\": {\"fields\": [\"\\u0418\\u0437\\u043e\\u0431\\u0440\\u0430\\u0436\\u0435\\u043d\\u0438\\u0435 \\u043f\\u0440\\u043e\\u0434\\u0443\\u043a\\u0442\\u0430\"]}}]',42,1),(39,'2024-10-05 09:31:02.876000','10','Изображение к продукту - Мука',2,'[{\"changed\": {\"fields\": [\"\\u0418\\u0437\\u043e\\u0431\\u0440\\u0430\\u0436\\u0435\\u043d\\u0438\\u0435 \\u043f\\u0440\\u043e\\u0434\\u0443\\u043a\\u0442\\u0430\"]}}]',42,1),(40,'2024-10-08 06:14:19.902000','1','Яйца',2,'[{\"added\": {\"name\": \"\\u0418\\u0437\\u043e\\u0431\\u0440\\u0430\\u0436\\u0435\\u043d\\u0438\\u0435 \\u043a \\u043f\\u0440\\u043e\\u0434\\u0443\\u043a\\u0442\\u0443\", \"object\": \"\\u0418\\u0437\\u043e\\u0431\\u0440\\u0430\\u0436\\u0435\\u043d\\u0438\\u0435 \\u043a \\u043f\\u0440\\u043e\\u0434\\u0443\\u043a\\u0442\\u0443 - \\u042f\\u0439\\u0446\\u0430\"}}, {\"changed\": {\"name\": \"\\u0418\\u0437\\u043e\\u0431\\u0440\\u0430\\u0436\\u0435\\u043d\\u0438\\u0435 \\u043a \\u043f\\u0440\\u043e\\u0434\\u0443\\u043a\\u0442\\u0443\", \"object\": \"\\u0418\\u0437\\u043e\\u0431\\u0440\\u0430\\u0436\\u0435\\u043d\\u0438\\u0435 \\u043a \\u043f\\u0440\\u043e\\u0434\\u0443\\u043a\\u0442\\u0443 - \\u042f\\u0439\\u0446\\u0430\", \"fields\": [\"\\u0418\\u0437\\u043e\\u0431\\u0440\\u0430\\u0436\\u0435\\u043d\\u0438\\u0435 \\u043f\\u0440\\u043e\\u0434\\u0443\\u043a\\u0442\\u0430\", \"\\u041e\\u043f\\u0438\\u0441\\u0430\\u043d\\u0438\\u0435 \\u0438\\u0437\\u043e\\u0431\\u0440\\u0430\\u0436\\u0435\\u043d\\u0438\\u044f\"]}}, {\"changed\": {\"name\": \"\\u0418\\u0437\\u043e\\u0431\\u0440\\u0430\\u0436\\u0435\\u043d\\u0438\\u0435 \\u043a \\u043f\\u0440\\u043e\\u0434\\u0443\\u043a\\u0442\\u0443\", \"object\": \"\\u0418\\u0437\\u043e\\u0431\\u0440\\u0430\\u0436\\u0435\\u043d\\u0438\\u0435 \\u043a \\u043f\\u0440\\u043e\\u0434\\u0443\\u043a\\u0442\\u0443 - \\u042f\\u0439\\u0446\\u0430\", \"fields\": [\"\\u0418\\u0437\\u043e\\u0431\\u0440\\u0430\\u0436\\u0435\\u043d\\u0438\\u0435 \\u043f\\u0440\\u043e\\u0434\\u0443\\u043a\\u0442\\u0430\", \"\\u041e\\u043f\\u0438\\u0441\\u0430\\u043d\\u0438\\u0435 \\u0438\\u0437\\u043e\\u0431\\u0440\\u0430\\u0436\\u0435\\u043d\\u0438\\u044f\"]}}]',41,1),(41,'2024-10-08 06:14:56.618000','1','Яйца',2,'[{\"changed\": {\"name\": \"\\u0418\\u0437\\u043e\\u0431\\u0440\\u0430\\u0436\\u0435\\u043d\\u0438\\u0435 \\u043a \\u043f\\u0440\\u043e\\u0434\\u0443\\u043a\\u0442\\u0443\", \"object\": \"\\u0418\\u0437\\u043e\\u0431\\u0440\\u0430\\u0436\\u0435\\u043d\\u0438\\u0435 \\u043a \\u043f\\u0440\\u043e\\u0434\\u0443\\u043a\\u0442\\u0443 - \\u042f\\u0439\\u0446\\u0430\", \"fields\": [\"\\u041e\\u043f\\u0438\\u0441\\u0430\\u043d\\u0438\\u0435 \\u0438\\u0437\\u043e\\u0431\\u0440\\u0430\\u0436\\u0435\\u043d\\u0438\\u044f\"]}}]',41,1),(42,'2024-10-08 06:15:21.911000','1','Яйца',2,'[{\"changed\": {\"name\": \"\\u0418\\u0437\\u043e\\u0431\\u0440\\u0430\\u0436\\u0435\\u043d\\u0438\\u0435 \\u043a \\u043f\\u0440\\u043e\\u0434\\u0443\\u043a\\u0442\\u0443\", \"object\": \"\\u0418\\u0437\\u043e\\u0431\\u0440\\u0430\\u0436\\u0435\\u043d\\u0438\\u0435 \\u043a \\u043f\\u0440\\u043e\\u0434\\u0443\\u043a\\u0442\\u0443 - \\u042f\\u0439\\u0446\\u0430\", \"fields\": [\"\\u041e\\u043f\\u0438\\u0441\\u0430\\u043d\\u0438\\u0435 \\u0438\\u0437\\u043e\\u0431\\u0440\\u0430\\u0436\\u0435\\u043d\\u0438\\u044f\"]}}]',41,1),(43,'2024-10-08 06:36:13.329000','3','Крупы и злаки',2,'[{\"added\": {\"name\": \"\\u0418\\u0437\\u043e\\u0431\\u0440\\u0430\\u0436\\u0435\\u043d\\u0438\\u0435 \\u043a \\u043f\\u0440\\u043e\\u0434\\u0443\\u043a\\u0442\\u0443\", \"object\": \"\\u0418\\u0437\\u043e\\u0431\\u0440\\u0430\\u0436\\u0435\\u043d\\u0438\\u0435 \\u043a \\u043f\\u0440\\u043e\\u0434\\u0443\\u043a\\u0442\\u0443 - \\u041a\\u0440\\u0443\\u043f\\u044b \\u0438 \\u0437\\u043b\\u0430\\u043a\\u0438\"}}, {\"added\": {\"name\": \"\\u0418\\u0437\\u043e\\u0431\\u0440\\u0430\\u0436\\u0435\\u043d\\u0438\\u0435 \\u043a \\u043f\\u0440\\u043e\\u0434\\u0443\\u043a\\u0442\\u0443\", \"object\": \"\\u0418\\u0437\\u043e\\u0431\\u0440\\u0430\\u0436\\u0435\\u043d\\u0438\\u0435 \\u043a \\u043f\\u0440\\u043e\\u0434\\u0443\\u043a\\u0442\\u0443 - \\u041a\\u0440\\u0443\\u043f\\u044b \\u0438 \\u0437\\u043b\\u0430\\u043a\\u0438\"}}, {\"added\": {\"name\": \"\\u0418\\u0437\\u043e\\u0431\\u0440\\u0430\\u0436\\u0435\\u043d\\u0438\\u0435 \\u043a \\u043f\\u0440\\u043e\\u0434\\u0443\\u043a\\u0442\\u0443\", \"object\": \"\\u0418\\u0437\\u043e\\u0431\\u0440\\u0430\\u0436\\u0435\\u043d\\u0438\\u0435 \\u043a \\u043f\\u0440\\u043e\\u0434\\u0443\\u043a\\u0442\\u0443 - \\u041a\\u0440\\u0443\\u043f\\u044b \\u0438 \\u0437\\u043b\\u0430\\u043a\\u0438\"}}, {\"changed\": {\"name\": \"\\u0418\\u0437\\u043e\\u0431\\u0440\\u0430\\u0436\\u0435\\u043d\\u0438\\u0435 \\u043a \\u043f\\u0440\\u043e\\u0434\\u0443\\u043a\\u0442\\u0443\", \"object\": \"\\u0418\\u0437\\u043e\\u0431\\u0440\\u0430\\u0436\\u0435\\u043d\\u0438\\u0435 \\u043a \\u043f\\u0440\\u043e\\u0434\\u0443\\u043a\\u0442\\u0443 - \\u041a\\u0440\\u0443\\u043f\\u044b \\u0438 \\u0437\\u043b\\u0430\\u043a\\u0438\", \"fields\": [\"\\u0418\\u0437\\u043e\\u0431\\u0440\\u0430\\u0436\\u0435\\u043d\\u0438\\u0435 \\u043f\\u0440\\u043e\\u0434\\u0443\\u043a\\u0442\\u0430\", \"\\u041e\\u043f\\u0438\\u0441\\u0430\\u043d\\u0438\\u0435 \\u0438\\u0437\\u043e\\u0431\\u0440\\u0430\\u0436\\u0435\\u043d\\u0438\\u044f\"]}}, {\"changed\": {\"name\": \"\\u0418\\u0437\\u043e\\u0431\\u0440\\u0430\\u0436\\u0435\\u043d\\u0438\\u0435 \\u043a \\u043f\\u0440\\u043e\\u0434\\u0443\\u043a\\u0442\\u0443\", \"object\": \"\\u0418\\u0437\\u043e\\u0431\\u0440\\u0430\\u0436\\u0435\\u043d\\u0438\\u0435 \\u043a \\u043f\\u0440\\u043e\\u0434\\u0443\\u043a\\u0442\\u0443 - \\u041a\\u0440\\u0443\\u043f\\u044b \\u0438 \\u0437\\u043b\\u0430\\u043a\\u0438\", \"fields\": [\"\\u0418\\u0437\\u043e\\u0431\\u0440\\u0430\\u0436\\u0435\\u043d\\u0438\\u0435 \\u043f\\u0440\\u043e\\u0434\\u0443\\u043a\\u0442\\u0430\", \"\\u041e\\u043f\\u0438\\u0441\\u0430\\u043d\\u0438\\u0435 \\u0438\\u0437\\u043e\\u0431\\u0440\\u0430\\u0436\\u0435\\u043d\\u0438\\u044f\"]}}]',41,1),(44,'2024-10-08 06:37:29.237000','3','Крупы и злаки',2,'[{\"changed\": {\"name\": \"\\u0418\\u0437\\u043e\\u0431\\u0440\\u0430\\u0436\\u0435\\u043d\\u0438\\u0435 \\u043a \\u043f\\u0440\\u043e\\u0434\\u0443\\u043a\\u0442\\u0443\", \"object\": \"\\u0418\\u0437\\u043e\\u0431\\u0440\\u0430\\u0436\\u0435\\u043d\\u0438\\u0435 \\u043a \\u043f\\u0440\\u043e\\u0434\\u0443\\u043a\\u0442\\u0443 - \\u041a\\u0440\\u0443\\u043f\\u044b \\u0438 \\u0437\\u043b\\u0430\\u043a\\u0438\", \"fields\": [\"\\u0418\\u0437\\u043e\\u0431\\u0440\\u0430\\u0436\\u0435\\u043d\\u0438\\u0435 \\u043f\\u0440\\u043e\\u0434\\u0443\\u043a\\u0442\\u0430\"]}}]',41,1),(45,'2024-10-08 06:47:34.010000','4','Консервация',2,'[{\"added\": {\"name\": \"\\u0418\\u0437\\u043e\\u0431\\u0440\\u0430\\u0436\\u0435\\u043d\\u0438\\u0435 \\u043a \\u043f\\u0440\\u043e\\u0434\\u0443\\u043a\\u0442\\u0443\", \"object\": \"\\u0418\\u0437\\u043e\\u0431\\u0440\\u0430\\u0436\\u0435\\u043d\\u0438\\u0435 \\u043a \\u043f\\u0440\\u043e\\u0434\\u0443\\u043a\\u0442\\u0443 - \\u041a\\u043e\\u043d\\u0441\\u0435\\u0440\\u0432\\u0430\\u0446\\u0438\\u044f\"}}, {\"added\": {\"name\": \"\\u0418\\u0437\\u043e\\u0431\\u0440\\u0430\\u0436\\u0435\\u043d\\u0438\\u0435 \\u043a \\u043f\\u0440\\u043e\\u0434\\u0443\\u043a\\u0442\\u0443\", \"object\": \"\\u0418\\u0437\\u043e\\u0431\\u0440\\u0430\\u0436\\u0435\\u043d\\u0438\\u0435 \\u043a \\u043f\\u0440\\u043e\\u0434\\u0443\\u043a\\u0442\\u0443 - \\u041a\\u043e\\u043d\\u0441\\u0435\\u0440\\u0432\\u0430\\u0446\\u0438\\u044f\"}}, {\"added\": {\"name\": \"\\u0418\\u0437\\u043e\\u0431\\u0440\\u0430\\u0436\\u0435\\u043d\\u0438\\u0435 \\u043a \\u043f\\u0440\\u043e\\u0434\\u0443\\u043a\\u0442\\u0443\", \"object\": \"\\u0418\\u0437\\u043e\\u0431\\u0440\\u0430\\u0436\\u0435\\u043d\\u0438\\u0435 \\u043a \\u043f\\u0440\\u043e\\u0434\\u0443\\u043a\\u0442\\u0443 - \\u041a\\u043e\\u043d\\u0441\\u0435\\u0440\\u0432\\u0430\\u0446\\u0438\\u044f\"}}, {\"changed\": {\"name\": \"\\u0418\\u0437\\u043e\\u0431\\u0440\\u0430\\u0436\\u0435\\u043d\\u0438\\u0435 \\u043a \\u043f\\u0440\\u043e\\u0434\\u0443\\u043a\\u0442\\u0443\", \"object\": \"\\u0418\\u0437\\u043e\\u0431\\u0440\\u0430\\u0436\\u0435\\u043d\\u0438\\u0435 \\u043a \\u043f\\u0440\\u043e\\u0434\\u0443\\u043a\\u0442\\u0443 - \\u041a\\u043e\\u043d\\u0441\\u0435\\u0440\\u0432\\u0430\\u0446\\u0438\\u044f\", \"fields\": [\"\\u0418\\u0437\\u043e\\u0431\\u0440\\u0430\\u0436\\u0435\\u043d\\u0438\\u0435 \\u043f\\u0440\\u043e\\u0434\\u0443\\u043a\\u0442\\u0430\", \"\\u041e\\u043f\\u0438\\u0441\\u0430\\u043d\\u0438\\u0435 \\u0438\\u0437\\u043e\\u0431\\u0440\\u0430\\u0436\\u0435\\u043d\\u0438\\u044f\"]}}, {\"changed\": {\"name\": \"\\u0418\\u0437\\u043e\\u0431\\u0440\\u0430\\u0436\\u0435\\u043d\\u0438\\u0435 \\u043a \\u043f\\u0440\\u043e\\u0434\\u0443\\u043a\\u0442\\u0443\", \"object\": \"\\u0418\\u0437\\u043e\\u0431\\u0440\\u0430\\u0436\\u0435\\u043d\\u0438\\u0435 \\u043a \\u043f\\u0440\\u043e\\u0434\\u0443\\u043a\\u0442\\u0443 - \\u041a\\u043e\\u043d\\u0441\\u0435\\u0440\\u0432\\u0430\\u0446\\u0438\\u044f\", \"fields\": [\"\\u0418\\u0437\\u043e\\u0431\\u0440\\u0430\\u0436\\u0435\\u043d\\u0438\\u0435 \\u043f\\u0440\\u043e\\u0434\\u0443\\u043a\\u0442\\u0430\", \"\\u041e\\u043f\\u0438\\u0441\\u0430\\u043d\\u0438\\u0435 \\u0438\\u0437\\u043e\\u0431\\u0440\\u0430\\u0436\\u0435\\u043d\\u0438\\u044f\"]}}]',41,1),(46,'2024-10-08 06:48:27.549000','4','Консервация',2,'[{\"changed\": {\"name\": \"\\u0418\\u0437\\u043e\\u0431\\u0440\\u0430\\u0436\\u0435\\u043d\\u0438\\u0435 \\u043a \\u043f\\u0440\\u043e\\u0434\\u0443\\u043a\\u0442\\u0443\", \"object\": \"\\u0418\\u0437\\u043e\\u0431\\u0440\\u0430\\u0436\\u0435\\u043d\\u0438\\u0435 \\u043a \\u043f\\u0440\\u043e\\u0434\\u0443\\u043a\\u0442\\u0443 - \\u041a\\u043e\\u043d\\u0441\\u0435\\u0440\\u0432\\u0430\\u0446\\u0438\\u044f\", \"fields\": [\"\\u041e\\u043f\\u0438\\u0441\\u0430\\u043d\\u0438\\u0435 \\u0438\\u0437\\u043e\\u0431\\u0440\\u0430\\u0436\\u0435\\u043d\\u0438\\u044f\"]}}, {\"changed\": {\"name\": \"\\u0418\\u0437\\u043e\\u0431\\u0440\\u0430\\u0436\\u0435\\u043d\\u0438\\u0435 \\u043a \\u043f\\u0440\\u043e\\u0434\\u0443\\u043a\\u0442\\u0443\", \"object\": \"\\u0418\\u0437\\u043e\\u0431\\u0440\\u0430\\u0436\\u0435\\u043d\\u0438\\u0435 \\u043a \\u043f\\u0440\\u043e\\u0434\\u0443\\u043a\\u0442\\u0443 - \\u041a\\u043e\\u043d\\u0441\\u0435\\u0440\\u0432\\u0430\\u0446\\u0438\\u044f\", \"fields\": [\"\\u041e\\u043f\\u0438\\u0441\\u0430\\u043d\\u0438\\u0435 \\u0438\\u0437\\u043e\\u0431\\u0440\\u0430\\u0436\\u0435\\u043d\\u0438\\u044f\"]}}, {\"changed\": {\"name\": \"\\u0418\\u0437\\u043e\\u0431\\u0440\\u0430\\u0436\\u0435\\u043d\\u0438\\u0435 \\u043a \\u043f\\u0440\\u043e\\u0434\\u0443\\u043a\\u0442\\u0443\", \"object\": \"\\u0418\\u0437\\u043e\\u0431\\u0440\\u0430\\u0436\\u0435\\u043d\\u0438\\u0435 \\u043a \\u043f\\u0440\\u043e\\u0434\\u0443\\u043a\\u0442\\u0443 - \\u041a\\u043e\\u043d\\u0441\\u0435\\u0440\\u0432\\u0430\\u0446\\u0438\\u044f\", \"fields\": [\"\\u041e\\u043f\\u0438\\u0441\\u0430\\u043d\\u0438\\u0435 \\u0438\\u0437\\u043e\\u0431\\u0440\\u0430\\u0436\\u0435\\u043d\\u0438\\u044f\"]}}]',41,1),(47,'2024-10-08 06:49:07.795000','4','Консервация',2,'[{\"changed\": {\"name\": \"\\u0418\\u0437\\u043e\\u0431\\u0440\\u0430\\u0436\\u0435\\u043d\\u0438\\u0435 \\u043a \\u043f\\u0440\\u043e\\u0434\\u0443\\u043a\\u0442\\u0443\", \"object\": \"\\u0418\\u0437\\u043e\\u0431\\u0440\\u0430\\u0436\\u0435\\u043d\\u0438\\u0435 \\u043a \\u043f\\u0440\\u043e\\u0434\\u0443\\u043a\\u0442\\u0443 - \\u041a\\u043e\\u043d\\u0441\\u0435\\u0440\\u0432\\u0430\\u0446\\u0438\\u044f\", \"fields\": [\"\\u0418\\u0437\\u043e\\u0431\\u0440\\u0430\\u0436\\u0435\\u043d\\u0438\\u0435 \\u043f\\u0440\\u043e\\u0434\\u0443\\u043a\\u0442\\u0430\"]}}]',41,1),(48,'2024-10-13 09:45:50.328000','2','Консервация',2,'[{\"changed\": {\"fields\": [\"\\u041d\\u0430\\u0437\\u0432\\u0430\\u043d\\u0438\\u0435 \\u043f\\u0440\\u043e\\u0434\\u0443\\u043a\\u0442\\u0430\"]}}]',39,1),(49,'2024-10-15 07:15:15.859000','2','Мука и макаронные изделия',2,'[{\"changed\": {\"fields\": [\"\\u041d\\u0430\\u0437\\u0432\\u0430\\u043d\\u0438\\u0435 \\u043f\\u0440\\u043e\\u0434\\u0443\\u043a\\u0442\\u0430\"]}}]',41,1),(50,'2024-11-11 11:26:58.423000','2','Второй элемент',2,'[{\"changed\": {\"fields\": [\"\\u0418\\u0437\\u043e\\u0431\\u0440\\u0430\\u0436\\u0435\\u043d\\u0438\\u0435 \\u044d\\u043b\\u0435\\u043c\\u0435\\u043d\\u0442\\u0430\"]}}]',40,1),(51,'2024-11-11 11:28:25.336000','2','Второй элемент',2,'[{\"changed\": {\"fields\": [\"\\u0418\\u0437\\u043e\\u0431\\u0440\\u0430\\u0436\\u0435\\u043d\\u0438\\u0435 \\u044d\\u043b\\u0435\\u043c\\u0435\\u043d\\u0442\\u0430\"]}}]',40,1),(52,'2024-11-18 07:20:13.259000','2','Второй элемент',2,'[{\"changed\": {\"fields\": [\"\\u041e\\u043f\\u0438\\u0441\\u0430\\u043d\\u0438\\u0435 \\u044d\\u043b\\u0435\\u043c\\u0435\\u043d\\u0442\\u0430\"]}}]',40,1),(53,'2024-11-18 07:20:23.815000','1','Первый элемент',2,'[{\"changed\": {\"fields\": [\"\\u041e\\u043f\\u0438\\u0441\\u0430\\u043d\\u0438\\u0435 \\u044d\\u043b\\u0435\\u043c\\u0435\\u043d\\u0442\\u0430\"]}}]',40,1),(54,'2024-11-18 07:20:37.433000','3','Третий элемент',2,'[{\"changed\": {\"fields\": [\"\\u041e\\u043f\\u0438\\u0441\\u0430\\u043d\\u0438\\u0435 \\u044d\\u043b\\u0435\\u043c\\u0435\\u043d\\u0442\\u0430\"]}}]',40,1),(55,'2024-11-18 07:20:59.640000','3','Третий элемент',2,'[{\"changed\": {\"fields\": [\"\\u041e\\u043f\\u0438\\u0441\\u0430\\u043d\\u0438\\u0435 \\u044d\\u043b\\u0435\\u043c\\u0435\\u043d\\u0442\\u0430\"]}}]',40,1),(56,'2024-11-18 07:21:18.102000','1','Первый элемент',2,'[{\"changed\": {\"fields\": [\"\\u041e\\u043f\\u0438\\u0441\\u0430\\u043d\\u0438\\u0435 \\u044d\\u043b\\u0435\\u043c\\u0435\\u043d\\u0442\\u0430\"]}}]',40,1),(57,'2024-11-18 09:12:40.074000','3','Мука и макаронные изделия',2,'[{\"changed\": {\"fields\": [\"\\u0418\\u0437\\u043e\\u0431\\u0440\\u0430\\u0436\\u0435\\u043d\\u0438\\u0435 \\u043f\\u0440\\u043e\\u0434\\u0443\\u043a\\u0442\\u0430\"]}}]',39,1),(58,'2024-11-18 09:27:44.356000','3','Мука и макаронные изделия',2,'[{\"changed\": {\"fields\": [\"\\u0418\\u0437\\u043e\\u0431\\u0440\\u0430\\u0436\\u0435\\u043d\\u0438\\u0435 \\u043f\\u0440\\u043e\\u0434\\u0443\\u043a\\u0442\\u0430\"]}}]',39,1),(59,'2024-11-18 09:28:06.477000','3','Мука и макаронные изделия',2,'[{\"changed\": {\"fields\": [\"\\u0418\\u0437\\u043e\\u0431\\u0440\\u0430\\u0436\\u0435\\u043d\\u0438\\u0435 \\u043f\\u0440\\u043e\\u0434\\u0443\\u043a\\u0442\\u0430\"]}}]',39,1),(60,'2024-11-18 09:29:31.905000','3','Мука и макаронные изделия',2,'[{\"changed\": {\"fields\": [\"\\u0418\\u0437\\u043e\\u0431\\u0440\\u0430\\u0436\\u0435\\u043d\\u0438\\u0435 \\u043f\\u0440\\u043e\\u0434\\u0443\\u043a\\u0442\\u0430\"]}}]',39,1),(61,'2024-11-18 09:30:58.026000','3','Мука и макаронные изделия',2,'[{\"changed\": {\"fields\": [\"\\u0418\\u0437\\u043e\\u0431\\u0440\\u0430\\u0436\\u0435\\u043d\\u0438\\u0435 \\u043f\\u0440\\u043e\\u0434\\u0443\\u043a\\u0442\\u0430\"]}}]',39,1),(62,'2024-11-18 09:31:39.771000','3','Мука и макаронные изделия',2,'[{\"changed\": {\"fields\": [\"\\u0418\\u0437\\u043e\\u0431\\u0440\\u0430\\u0436\\u0435\\u043d\\u0438\\u0435 \\u043f\\u0440\\u043e\\u0434\\u0443\\u043a\\u0442\\u0430\"]}}]',39,1),(63,'2024-11-18 09:35:32.741000','3','Мука и макаронные изделия',2,'[{\"changed\": {\"fields\": [\"\\u0418\\u0437\\u043e\\u0431\\u0440\\u0430\\u0436\\u0435\\u043d\\u0438\\u0435 \\u043f\\u0440\\u043e\\u0434\\u0443\\u043a\\u0442\\u0430\"]}}]',39,1),(64,'2024-11-18 11:23:40.955000','14','Изображение к продукту - Яйца',2,'[{\"changed\": {\"fields\": [\"\\u041e\\u0442\\u043e\\u0431\\u0440\\u0430\\u0436\\u0430\\u0442\\u044c \\u043d\\u0430 \\u0441\\u0442\\u0440\\u0430\\u043d\\u0438\\u0446\\u0435\"]}}]',42,1),(65,'2024-11-18 11:23:41.037000','2','Изображение к продукту - Яйца',2,'[{\"changed\": {\"fields\": [\"\\u041e\\u0442\\u043e\\u0431\\u0440\\u0430\\u0436\\u0430\\u0442\\u044c \\u043d\\u0430 \\u0441\\u0442\\u0440\\u0430\\u043d\\u0438\\u0446\\u0435\"]}}]',42,1),(66,'2024-11-18 11:23:41.104000','1','Изображение к продукту - Яйца',2,'[{\"changed\": {\"fields\": [\"\\u041e\\u0442\\u043e\\u0431\\u0440\\u0430\\u0436\\u0430\\u0442\\u044c \\u043d\\u0430 \\u0441\\u0442\\u0440\\u0430\\u043d\\u0438\\u0446\\u0435\"]}}]',42,1),(67,'2024-11-18 11:25:12.950000','14','Изображение к продукту - Яйца',2,'[{\"changed\": {\"fields\": [\"\\u041e\\u0442\\u043e\\u0431\\u0440\\u0430\\u0436\\u0430\\u0442\\u044c \\u043d\\u0430 \\u0441\\u0442\\u0440\\u0430\\u043d\\u0438\\u0446\\u0435\"]}}]',42,1),(68,'2024-11-18 11:25:30.245000','2','Изображение к продукту - Яйца',2,'[{\"changed\": {\"fields\": [\"\\u041e\\u0442\\u043e\\u0431\\u0440\\u0430\\u0436\\u0430\\u0442\\u044c \\u043d\\u0430 \\u0441\\u0442\\u0440\\u0430\\u043d\\u0438\\u0446\\u0435\"]}}]',42,1),(69,'2024-11-18 11:25:30.341000','1','Изображение к продукту - Яйца',2,'[{\"changed\": {\"fields\": [\"\\u041e\\u0442\\u043e\\u0431\\u0440\\u0430\\u0436\\u0430\\u0442\\u044c \\u043d\\u0430 \\u0441\\u0442\\u0440\\u0430\\u043d\\u0438\\u0446\\u0435\"]}}]',42,1),(70,'2024-11-18 11:25:41.794000','13','Изображение к продукту - Мука и макаронные изделия',2,'[{\"changed\": {\"fields\": [\"\\u041e\\u0442\\u043e\\u0431\\u0440\\u0430\\u0436\\u0430\\u0442\\u044c \\u043d\\u0430 \\u0441\\u0442\\u0440\\u0430\\u043d\\u0438\\u0446\\u0435\"]}}]',42,1),(71,'2024-11-18 11:26:34.275000','13','Изображение к продукту - Мука и макаронные изделия',2,'[{\"changed\": {\"fields\": [\"\\u041e\\u0442\\u043e\\u0431\\u0440\\u0430\\u0436\\u0430\\u0442\\u044c \\u043d\\u0430 \\u0441\\u0442\\u0440\\u0430\\u043d\\u0438\\u0446\\u0435\"]}}]',42,1),(72,'2024-11-18 11:26:39.260000','13','Изображение к продукту - Мука и макаронные изделия',2,'[{\"changed\": {\"fields\": [\"\\u041e\\u0442\\u043e\\u0431\\u0440\\u0430\\u0436\\u0430\\u0442\\u044c \\u043d\\u0430 \\u0441\\u0442\\u0440\\u0430\\u043d\\u0438\\u0446\\u0435\"]}}]',42,1),(73,'2024-11-18 11:26:39.457000','12','Изображение к продукту - Мука и макаронные изделия',2,'[{\"changed\": {\"fields\": [\"\\u041e\\u0442\\u043e\\u0431\\u0440\\u0430\\u0436\\u0430\\u0442\\u044c \\u043d\\u0430 \\u0441\\u0442\\u0440\\u0430\\u043d\\u0438\\u0446\\u0435\"]}}]',42,1),(74,'2024-11-18 11:26:39.553000','11','Изображение к продукту - Мука и макаронные изделия',2,'[{\"changed\": {\"fields\": [\"\\u041e\\u0442\\u043e\\u0431\\u0440\\u0430\\u0436\\u0430\\u0442\\u044c \\u043d\\u0430 \\u0441\\u0442\\u0440\\u0430\\u043d\\u0438\\u0446\\u0435\"]}}]',42,1),(75,'2024-11-18 11:26:39.836000','10','Изображение к продукту - Мука и макаронные изделия',2,'[{\"changed\": {\"fields\": [\"\\u041e\\u0442\\u043e\\u0431\\u0440\\u0430\\u0436\\u0430\\u0442\\u044c \\u043d\\u0430 \\u0441\\u0442\\u0440\\u0430\\u043d\\u0438\\u0446\\u0435\"]}}]',42,1),(76,'2024-11-18 11:26:51.178000','13','Изображение к продукту - Мука и макаронные изделия',2,'[{\"changed\": {\"fields\": [\"\\u041e\\u0442\\u043e\\u0431\\u0440\\u0430\\u0436\\u0430\\u0442\\u044c \\u043d\\u0430 \\u0441\\u0442\\u0440\\u0430\\u043d\\u0438\\u0446\\u0435\"]}}]',42,1),(77,'2024-11-18 11:26:51.328000','12','Изображение к продукту - Мука и макаронные изделия',2,'[{\"changed\": {\"fields\": [\"\\u041e\\u0442\\u043e\\u0431\\u0440\\u0430\\u0436\\u0430\\u0442\\u044c \\u043d\\u0430 \\u0441\\u0442\\u0440\\u0430\\u043d\\u0438\\u0446\\u0435\"]}}]',42,1),(78,'2024-11-18 11:26:51.400000','11','Изображение к продукту - Мука и макаронные изделия',2,'[{\"changed\": {\"fields\": [\"\\u041e\\u0442\\u043e\\u0431\\u0440\\u0430\\u0436\\u0430\\u0442\\u044c \\u043d\\u0430 \\u0441\\u0442\\u0440\\u0430\\u043d\\u0438\\u0446\\u0435\"]}}]',42,1),(79,'2024-11-18 11:26:51.630000','10','Изображение к продукту - Мука и макаронные изделия',2,'[{\"changed\": {\"fields\": [\"\\u041e\\u0442\\u043e\\u0431\\u0440\\u0430\\u0436\\u0430\\u0442\\u044c \\u043d\\u0430 \\u0441\\u0442\\u0440\\u0430\\u043d\\u0438\\u0446\\u0435\"]}}]',42,1),(80,'2024-11-19 13:01:56.761000','21','Изображение к продукту - Консервация',1,'[{\"added\": {}}]',42,1),(81,'2024-11-19 13:02:02.577000','21','Изображение к продукту - Консервация',2,'[]',42,1),(82,'2024-11-19 13:02:26.473000','22','Изображение к продукту - Консервация',1,'[{\"added\": {}}]',42,1),(83,'2024-11-19 13:02:57.758000','23','Изображение к продукту - Консервация',1,'[{\"added\": {}}]',42,1),(84,'2024-11-19 13:03:22.683000','24','Изображение к продукту - Консервация',1,'[{\"added\": {}}]',42,1),(85,'2024-11-19 13:04:11.929000','25','Изображение к продукту - Консервация',1,'[{\"added\": {}}]',42,1),(86,'2024-11-19 13:04:50.134000','26','Изображение к продукту - Консервация',1,'[{\"added\": {}}]',42,1),(87,'2024-11-19 13:05:29.242000','27','Изображение к продукту - Консервация',1,'[{\"added\": {}}]',42,1),(88,'2024-11-19 13:05:53.990000','28','Изображение к продукту - Консервация',1,'[{\"added\": {}}]',42,1),(89,'2024-11-19 13:06:25.584000','29','Изображение к продукту - Консервация',1,'[{\"added\": {}}]',42,1),(90,'2024-11-19 13:09:35.395000','30','Изображение к продукту - Консервация',1,'[{\"added\": {}}]',42,1),(91,'2024-11-19 13:12:38.392000','31','Изображение к продукту - Консервация',1,'[{\"added\": {}}]',42,1),(92,'2024-11-19 13:21:13.157000','32','Изображение к продукту - Консервация',1,'[{\"added\": {}}]',42,1),(93,'2024-11-19 13:21:44.751000','33','Изображение к продукту - Консервация',1,'[{\"added\": {}}]',42,1),(94,'2024-11-19 13:22:21.152000','34','Изображение к продукту - Консервация',1,'[{\"added\": {}}]',42,1),(95,'2024-11-19 13:22:57.555000','35','Изображение к продукту - Консервация',1,'[{\"added\": {}}]',42,1),(96,'2024-11-19 13:23:49.580000','36','Изображение к продукту - Консервация',1,'[{\"added\": {}}]',42,1),(97,'2024-11-19 13:24:21.630000','37','Изображение к продукту - Консервация',1,'[{\"added\": {}}]',42,1),(98,'2024-11-19 13:27:53.511000','38','Изображение к продукту - Консервация',1,'[{\"added\": {}}]',42,1),(99,'2024-11-19 13:28:41.501000','39','Изображение к продукту - Консервация',1,'[{\"added\": {}}]',42,1),(100,'2024-11-19 13:29:51.731000','40','Изображение к продукту - Консервация',1,'[{\"added\": {}}]',42,1),(101,'2024-11-19 13:30:15.667000','41','Изображение к продукту - Консервация',1,'[{\"added\": {}}]',42,1),(102,'2024-11-19 13:30:52.809000','42','Изображение к продукту - Консервация',1,'[{\"added\": {}}]',42,1),(103,'2024-11-19 13:32:57.030000','43','Изображение к продукту - Консервация',1,'[{\"added\": {}}]',42,1),(104,'2024-11-19 13:33:31.459000','44','Изображение к продукту - Консервация',1,'[{\"added\": {}}]',42,1),(105,'2024-11-19 13:34:17.428000','45','Изображение к продукту - Консервация',1,'[{\"added\": {}}]',42,1),(106,'2024-11-19 13:34:54.632000','46','Изображение к продукту - Консервация',1,'[{\"added\": {}}]',42,1),(107,'2024-11-19 13:36:21.316000','47','Изображение к продукту - Мука и макаронные изделия',1,'[{\"added\": {}}]',42,1),(108,'2024-11-19 13:38:34.282000','47','Изображение к продукту - Мука и макаронные изделия',2,'[{\"changed\": {\"fields\": [\"\\u0418\\u0437\\u043e\\u0431\\u0440\\u0430\\u0436\\u0435\\u043d\\u0438\\u0435 \\u043f\\u0440\\u043e\\u0434\\u0443\\u043a\\u0442\\u0430\"]}}]',42,1),(109,'2024-11-19 13:39:13.434000','47','Изображение к продукту - Мука и макаронные изделия',2,'[{\"changed\": {\"fields\": [\"\\u041e\\u043f\\u0438\\u0441\\u0430\\u043d\\u0438\\u0435 \\u0438\\u0437\\u043e\\u0431\\u0440\\u0430\\u0436\\u0435\\u043d\\u0438\\u044f\"]}}]',42,1),(110,'2024-11-20 07:23:08.885000','1','Килограмм',1,'[{\"added\": {}}]',43,1),(111,'2024-11-20 07:23:14.455000','2','Литр',1,'[{\"added\": {}}]',43,1),(112,'2024-11-20 07:23:25.555000','3','Милилитр',1,'[{\"added\": {}}]',43,1),(113,'2024-11-20 07:24:02.732000','4','Грамм',1,'[{\"added\": {}}]',43,1),(114,'2024-11-20 07:25:09.941000','46','Продукт категории - Консервация',2,'[{\"added\": {\"name\": \"\\u041e\\u0431\\u044a\\u0451\\u043c \\u0442\\u0430\\u0440\\u044b \\u043f\\u0440\\u043e\\u0434\\u0443\\u043a\\u0442\\u0430\", \"object\": \"325 \\u0413\\u0440\\u0430\\u043c\\u043c\"}}]',42,1),(115,'2024-11-20 07:31:56.611000','46','Продукт категории - Консервация',2,'[{\"changed\": {\"fields\": [\"\\u041e\\u043f\\u0438\\u0441\\u0430\\u043d\\u0438\\u0435 \\u0438\\u0437\\u043e\\u0431\\u0440\\u0430\\u0436\\u0435\\u043d\\u0438\\u044f\"]}}]',42,1),(116,'2024-11-20 07:38:34.005000','46','Продукт категории - Консервация',2,'[]',42,1),(117,'2024-11-20 07:38:51.250000','45','Продукт категории - Консервация',2,'[{\"changed\": {\"fields\": [\"\\u041e\\u043f\\u0438\\u0441\\u0430\\u043d\\u0438\\u0435 \\u0438\\u0437\\u043e\\u0431\\u0440\\u0430\\u0436\\u0435\\u043d\\u0438\\u044f\"]}}, {\"added\": {\"name\": \"\\u041e\\u0431\\u044a\\u0451\\u043c \\u0442\\u0430\\u0440\\u044b \\u043f\\u0440\\u043e\\u0434\\u0443\\u043a\\u0442\\u0430\", \"object\": \"720 \\u043c\\u043b\"}}]',42,1),(118,'2024-11-20 07:39:07.645000','44','Продукт категории - Консервация',2,'[{\"changed\": {\"fields\": [\"\\u041e\\u043f\\u0438\\u0441\\u0430\\u043d\\u0438\\u0435 \\u0438\\u0437\\u043e\\u0431\\u0440\\u0430\\u0436\\u0435\\u043d\\u0438\\u044f\"]}}, {\"added\": {\"name\": \"\\u041e\\u0431\\u044a\\u0451\\u043c \\u0442\\u0430\\u0440\\u044b \\u043f\\u0440\\u043e\\u0434\\u0443\\u043a\\u0442\\u0430\", \"object\": \"360 \\u0433\"}}]',42,1),(119,'2024-11-20 07:39:15.731000','43','Продукт категории - Консервация',2,'[]',42,1),(120,'2024-11-20 07:39:49.210000','42','Продукт категории - Консервация',2,'[{\"changed\": {\"fields\": [\"\\u041e\\u043f\\u0438\\u0441\\u0430\\u043d\\u0438\\u0435 \\u0438\\u0437\\u043e\\u0431\\u0440\\u0430\\u0436\\u0435\\u043d\\u0438\\u044f\"]}}, {\"added\": {\"name\": \"\\u041e\\u0431\\u044a\\u0451\\u043c \\u0442\\u0430\\u0440\\u044b \\u043f\\u0440\\u043e\\u0434\\u0443\\u043a\\u0442\\u0430\", \"object\": \"360 \\u0433\"}}]',42,1),(121,'2024-11-20 07:39:59.184000','41','Продукт категории - Консервация',2,'[{\"changed\": {\"fields\": [\"\\u041e\\u043f\\u0438\\u0441\\u0430\\u043d\\u0438\\u0435 \\u0438\\u0437\\u043e\\u0431\\u0440\\u0430\\u0436\\u0435\\u043d\\u0438\\u044f\"]}}, {\"added\": {\"name\": \"\\u041e\\u0431\\u044a\\u0451\\u043c \\u0442\\u0430\\u0440\\u044b \\u043f\\u0440\\u043e\\u0434\\u0443\\u043a\\u0442\\u0430\", \"object\": \"720 \\u0433\"}}]',42,1),(122,'2024-11-20 07:40:11.829000','40','Продукт категории - Консервация',2,'[{\"changed\": {\"fields\": [\"\\u041e\\u043f\\u0438\\u0441\\u0430\\u043d\\u0438\\u0435 \\u0438\\u0437\\u043e\\u0431\\u0440\\u0430\\u0436\\u0435\\u043d\\u0438\\u044f\"]}}, {\"added\": {\"name\": \"\\u041e\\u0431\\u044a\\u0451\\u043c \\u0442\\u0430\\u0440\\u044b \\u043f\\u0440\\u043e\\u0434\\u0443\\u043a\\u0442\\u0430\", \"object\": \"680 \\u0433\"}}]',42,1),(123,'2024-11-20 07:40:24.899000','39','Продукт категории - Консервация',2,'[{\"changed\": {\"fields\": [\"\\u041e\\u043f\\u0438\\u0441\\u0430\\u043d\\u0438\\u0435 \\u0438\\u0437\\u043e\\u0431\\u0440\\u0430\\u0436\\u0435\\u043d\\u0438\\u044f\"]}}, {\"added\": {\"name\": \"\\u041e\\u0431\\u044a\\u0451\\u043c \\u0442\\u0430\\u0440\\u044b \\u043f\\u0440\\u043e\\u0434\\u0443\\u043a\\u0442\\u0430\", \"object\": \"540 \\u0433\"}}]',42,1),(124,'2024-11-20 07:40:44.156000','38','Продукт категории - Консервация',2,'[{\"added\": {\"name\": \"\\u041e\\u0431\\u044a\\u0451\\u043c \\u0442\\u0430\\u0440\\u044b \\u043f\\u0440\\u043e\\u0434\\u0443\\u043a\\u0442\\u0430\", \"object\": \"720 \\u043c\\u043b\"}}]',42,1),(125,'2024-11-20 07:40:54.042000','38','Продукт категории - Консервация',2,'[{\"changed\": {\"fields\": [\"\\u041e\\u043f\\u0438\\u0441\\u0430\\u043d\\u0438\\u0435 \\u0438\\u0437\\u043e\\u0431\\u0440\\u0430\\u0436\\u0435\\u043d\\u0438\\u044f\"]}}]',42,1),(126,'2024-11-20 07:41:04.807000','37','Продукт категории - Консервация',2,'[{\"changed\": {\"fields\": [\"\\u041e\\u043f\\u0438\\u0441\\u0430\\u043d\\u0438\\u0435 \\u0438\\u0437\\u043e\\u0431\\u0440\\u0430\\u0436\\u0435\\u043d\\u0438\\u044f\"]}}, {\"added\": {\"name\": \"\\u041e\\u0431\\u044a\\u0451\\u043c \\u0442\\u0430\\u0440\\u044b \\u043f\\u0440\\u043e\\u0434\\u0443\\u043a\\u0442\\u0430\", \"object\": \"720 \\u043c\\u043b\"}}]',42,1),(127,'2024-11-20 07:41:21.583000','36','Продукт категории - Консервация',2,'[{\"changed\": {\"fields\": [\"\\u041e\\u043f\\u0438\\u0441\\u0430\\u043d\\u0438\\u0435 \\u0438\\u0437\\u043e\\u0431\\u0440\\u0430\\u0436\\u0435\\u043d\\u0438\\u044f\"]}}, {\"added\": {\"name\": \"\\u041e\\u0431\\u044a\\u0451\\u043c \\u0442\\u0430\\u0440\\u044b \\u043f\\u0440\\u043e\\u0434\\u0443\\u043a\\u0442\\u0430\", \"object\": \"425 \\u0433\"}}]',42,1),(128,'2024-11-20 07:41:34.628000','34','Продукт категории - Консервация',2,'[{\"changed\": {\"fields\": [\"\\u041e\\u043f\\u0438\\u0441\\u0430\\u043d\\u0438\\u0435 \\u0438\\u0437\\u043e\\u0431\\u0440\\u0430\\u0436\\u0435\\u043d\\u0438\\u044f\"]}}, {\"added\": {\"name\": \"\\u041e\\u0431\\u044a\\u0451\\u043c \\u0442\\u0430\\u0440\\u044b \\u043f\\u0440\\u043e\\u0434\\u0443\\u043a\\u0442\\u0430\", \"object\": \"325 \\u0433\"}}]',42,1),(129,'2024-11-20 07:41:44.415000','33','Продукт категории - Консервация',2,'[{\"changed\": {\"fields\": [\"\\u041e\\u043f\\u0438\\u0441\\u0430\\u043d\\u0438\\u0435 \\u0438\\u0437\\u043e\\u0431\\u0440\\u0430\\u0436\\u0435\\u043d\\u0438\\u044f\"]}}, {\"added\": {\"name\": \"\\u041e\\u0431\\u044a\\u0451\\u043c \\u0442\\u0430\\u0440\\u044b \\u043f\\u0440\\u043e\\u0434\\u0443\\u043a\\u0442\\u0430\", \"object\": \"280 \\u0433\"}}]',42,1),(130,'2024-11-20 07:41:57.357000','30','Продукт категории - Консервация',2,'[{\"changed\": {\"fields\": [\"\\u041e\\u043f\\u0438\\u0441\\u0430\\u043d\\u0438\\u0435 \\u0438\\u0437\\u043e\\u0431\\u0440\\u0430\\u0436\\u0435\\u043d\\u0438\\u044f\"]}}, {\"added\": {\"name\": \"\\u041e\\u0431\\u044a\\u0451\\u043c \\u0442\\u0430\\u0440\\u044b \\u043f\\u0440\\u043e\\u0434\\u0443\\u043a\\u0442\\u0430\", \"object\": \"425 \\u0433\"}}]',42,1),(131,'2024-11-20 07:42:28.008000','29','Продукт категории - Консервация',2,'[{\"changed\": {\"fields\": [\"\\u041e\\u043f\\u0438\\u0441\\u0430\\u043d\\u0438\\u0435 \\u0438\\u0437\\u043e\\u0431\\u0440\\u0430\\u0436\\u0435\\u043d\\u0438\\u044f\"]}}, {\"added\": {\"name\": \"\\u041e\\u0431\\u044a\\u0451\\u043c \\u0442\\u0430\\u0440\\u044b \\u043f\\u0440\\u043e\\u0434\\u0443\\u043a\\u0442\\u0430\", \"object\": \"325 \\u0433\"}}]',42,1),(132,'2024-11-20 07:42:37.508000','28','Продукт категории - Консервация',2,'[{\"changed\": {\"fields\": [\"\\u041e\\u043f\\u0438\\u0441\\u0430\\u043d\\u0438\\u0435 \\u0438\\u0437\\u043e\\u0431\\u0440\\u0430\\u0436\\u0435\\u043d\\u0438\\u044f\"]}}, {\"added\": {\"name\": \"\\u041e\\u0431\\u044a\\u0451\\u043c \\u0442\\u0430\\u0440\\u044b \\u043f\\u0440\\u043e\\u0434\\u0443\\u043a\\u0442\\u0430\", \"object\": \"230 \\u0433\"}}]',42,1),(133,'2024-11-20 07:42:53.790000','26','Продукт категории - Консервация',2,'[{\"changed\": {\"fields\": [\"\\u041e\\u043f\\u0438\\u0441\\u0430\\u043d\\u0438\\u0435 \\u0438\\u0437\\u043e\\u0431\\u0440\\u0430\\u0436\\u0435\\u043d\\u0438\\u044f\"]}}, {\"added\": {\"name\": \"\\u041e\\u0431\\u044a\\u0451\\u043c \\u0442\\u0430\\u0440\\u044b \\u043f\\u0440\\u043e\\u0434\\u0443\\u043a\\u0442\\u0430\", \"object\": \"720 \\u0433\"}}]',42,1),(134,'2024-11-20 07:43:37.577000','25','Продукт категории - Консервация',2,'[{\"changed\": {\"fields\": [\"\\u041e\\u043f\\u0438\\u0441\\u0430\\u043d\\u0438\\u0435 \\u0438\\u0437\\u043e\\u0431\\u0440\\u0430\\u0436\\u0435\\u043d\\u0438\\u044f\"]}}, {\"added\": {\"name\": \"\\u041e\\u0431\\u044a\\u0451\\u043c \\u0442\\u0430\\u0440\\u044b \\u043f\\u0440\\u043e\\u0434\\u0443\\u043a\\u0442\\u0430\", \"object\": \"420 \\u043c\\u043b\"}}, {\"added\": {\"name\": \"\\u041e\\u0431\\u044a\\u0451\\u043c \\u0442\\u0430\\u0440\\u044b \\u043f\\u0440\\u043e\\u0434\\u0443\\u043a\\u0442\\u0430\", \"object\": \"850 \\u043c\\u043b\"}}]',42,1),(135,'2024-11-20 07:44:00.472000','24','Продукт категории - Консервация',2,'[{\"changed\": {\"fields\": [\"\\u041e\\u043f\\u0438\\u0441\\u0430\\u043d\\u0438\\u0435 \\u0438\\u0437\\u043e\\u0431\\u0440\\u0430\\u0436\\u0435\\u043d\\u0438\\u044f\"]}}, {\"added\": {\"name\": \"\\u041e\\u0431\\u044a\\u0451\\u043c \\u0442\\u0430\\u0440\\u044b \\u043f\\u0440\\u043e\\u0434\\u0443\\u043a\\u0442\\u0430\", \"object\": \"500 \\u043c\\u043b\"}}]',42,1),(136,'2024-11-20 07:44:15.889000','23','Продукт категории - Консервация',2,'[{\"changed\": {\"fields\": [\"\\u041e\\u043f\\u0438\\u0441\\u0430\\u043d\\u0438\\u0435 \\u0438\\u0437\\u043e\\u0431\\u0440\\u0430\\u0436\\u0435\\u043d\\u0438\\u044f\"]}}, {\"added\": {\"name\": \"\\u041e\\u0431\\u044a\\u0451\\u043c \\u0442\\u0430\\u0440\\u044b \\u043f\\u0440\\u043e\\u0434\\u0443\\u043a\\u0442\\u0430\", \"object\": \"250 \\u043c\\u043b\"}}]',42,1),(137,'2024-11-20 07:44:26.962000','22','Продукт категории - Консервация',2,'[{\"changed\": {\"fields\": [\"\\u041e\\u043f\\u0438\\u0441\\u0430\\u043d\\u0438\\u0435 \\u0438\\u0437\\u043e\\u0431\\u0440\\u0430\\u0436\\u0435\\u043d\\u0438\\u044f\"]}}, {\"added\": {\"name\": \"\\u041e\\u0431\\u044a\\u0451\\u043c \\u0442\\u0430\\u0440\\u044b \\u043f\\u0440\\u043e\\u0434\\u0443\\u043a\\u0442\\u0430\", \"object\": \"420 \\u0433\"}}]',42,1),(138,'2024-11-20 07:44:35.068000','21','Продукт категории - Консервация',2,'[{\"changed\": {\"fields\": [\"\\u041e\\u043f\\u0438\\u0441\\u0430\\u043d\\u0438\\u0435 \\u0438\\u0437\\u043e\\u0431\\u0440\\u0430\\u0436\\u0435\\u043d\\u0438\\u044f\"]}}, {\"added\": {\"name\": \"\\u041e\\u0431\\u044a\\u0451\\u043c \\u0442\\u0430\\u0440\\u044b \\u043f\\u0440\\u043e\\u0434\\u0443\\u043a\\u0442\\u0430\", \"object\": \"420 \\u0433\"}}]',42,1),(139,'2024-11-20 07:44:47.971000','19','Продукт категории - Консервация',2,'[{\"changed\": {\"fields\": [\"\\u041e\\u043f\\u0438\\u0441\\u0430\\u043d\\u0438\\u0435 \\u0438\\u0437\\u043e\\u0431\\u0440\\u0430\\u0436\\u0435\\u043d\\u0438\\u044f\"]}}, {\"added\": {\"name\": \"\\u041e\\u0431\\u044a\\u0451\\u043c \\u0442\\u0430\\u0440\\u044b \\u043f\\u0440\\u043e\\u0434\\u0443\\u043a\\u0442\\u0430\", \"object\": \"150 \\u0433\"}}]',42,1),(140,'2024-11-20 07:45:05.788000','18','Продукт категории - Консервация',2,'[{\"changed\": {\"fields\": [\"\\u041e\\u043f\\u0438\\u0441\\u0430\\u043d\\u0438\\u0435 \\u0438\\u0437\\u043e\\u0431\\u0440\\u0430\\u0436\\u0435\\u043d\\u0438\\u044f\"]}}, {\"added\": {\"name\": \"\\u041e\\u0431\\u044a\\u0451\\u043c \\u0442\\u0430\\u0440\\u044b \\u043f\\u0440\\u043e\\u0434\\u0443\\u043a\\u0442\\u0430\", \"object\": \"270 \\u043c\\u043b\"}}, {\"added\": {\"name\": \"\\u041e\\u0431\\u044a\\u0451\\u043c \\u0442\\u0430\\u0440\\u044b \\u043f\\u0440\\u043e\\u0434\\u0443\\u043a\\u0442\\u0430\", \"object\": \"720 \\u043c\\u043b\"}}]',42,1),(141,'2024-11-20 07:45:18.287000','9','Продукт категории - Консервация',2,'[{\"changed\": {\"fields\": [\"\\u041e\\u043f\\u0438\\u0441\\u0430\\u043d\\u0438\\u0435 \\u0438\\u0437\\u043e\\u0431\\u0440\\u0430\\u0436\\u0435\\u043d\\u0438\\u044f\"]}}, {\"added\": {\"name\": \"\\u041e\\u0431\\u044a\\u0451\\u043c \\u0442\\u0430\\u0440\\u044b \\u043f\\u0440\\u043e\\u0434\\u0443\\u043a\\u0442\\u0430\", \"object\": \"720 \\u043c\\u043b\"}}]',42,1),(142,'2024-11-20 07:45:46.594000','8','Продукт категории - Консервация',2,'[{\"changed\": {\"fields\": [\"\\u041e\\u043f\\u0438\\u0441\\u0430\\u043d\\u0438\\u0435 \\u0438\\u0437\\u043e\\u0431\\u0440\\u0430\\u0436\\u0435\\u043d\\u0438\\u044f\"]}}, {\"added\": {\"name\": \"\\u041e\\u0431\\u044a\\u0451\\u043c \\u0442\\u0430\\u0440\\u044b \\u043f\\u0440\\u043e\\u0434\\u0443\\u043a\\u0442\\u0430\", \"object\": \"140 \\u0433\"}}, {\"added\": {\"name\": \"\\u041e\\u0431\\u044a\\u0451\\u043c \\u0442\\u0430\\u0440\\u044b \\u043f\\u0440\\u043e\\u0434\\u0443\\u043a\\u0442\\u0430\", \"object\": \"270 \\u0433\"}}]',42,1),(143,'2024-11-20 07:46:13.865000','17','Продукт категории - Крупы и злаки',2,'[{\"added\": {\"name\": \"\\u041e\\u0431\\u044a\\u0451\\u043c \\u0442\\u0430\\u0440\\u044b \\u043f\\u0440\\u043e\\u0434\\u0443\\u043a\\u0442\\u0430\", \"object\": \"400 \\u0433\"}}]',42,1),(144,'2024-11-20 07:46:25.230000','16','Продукт категории - Крупы и злаки',2,'[{\"added\": {\"name\": \"\\u041e\\u0431\\u044a\\u0451\\u043c \\u0442\\u0430\\u0440\\u044b \\u043f\\u0440\\u043e\\u0434\\u0443\\u043a\\u0442\\u0430\", \"object\": \"700 \\u0433\"}}]',42,1),(145,'2024-11-20 07:46:39.414000','15','Продукт категории - Крупы и злаки',2,'[{\"added\": {\"name\": \"\\u041e\\u0431\\u044a\\u0451\\u043c \\u0442\\u0430\\u0440\\u044b \\u043f\\u0440\\u043e\\u0434\\u0443\\u043a\\u0442\\u0430\", \"object\": \"700 \\u0433\"}}, {\"added\": {\"name\": \"\\u041e\\u0431\\u044a\\u0451\\u043c \\u0442\\u0430\\u0440\\u044b \\u043f\\u0440\\u043e\\u0434\\u0443\\u043a\\u0442\\u0430\", \"object\": \"3 \\u043a\\u0433\"}}]',42,1),(146,'2024-11-20 07:46:59.624000','15','Продукт категории - Крупы и злаки',2,'[{\"changed\": {\"fields\": [\"\\u041e\\u043f\\u0438\\u0441\\u0430\\u043d\\u0438\\u0435 \\u0438\\u0437\\u043e\\u0431\\u0440\\u0430\\u0436\\u0435\\u043d\\u0438\\u044f\"]}}]',42,1),(147,'2024-11-20 07:47:18.134000','7','Продукт категории - Крупы и злаки',2,'[{\"changed\": {\"fields\": [\"\\u041e\\u043f\\u0438\\u0441\\u0430\\u043d\\u0438\\u0435 \\u0438\\u0437\\u043e\\u0431\\u0440\\u0430\\u0436\\u0435\\u043d\\u0438\\u044f\"]}}, {\"added\": {\"name\": \"\\u041e\\u0431\\u044a\\u0451\\u043c \\u0442\\u0430\\u0440\\u044b \\u043f\\u0440\\u043e\\u0434\\u0443\\u043a\\u0442\\u0430\", \"object\": \"700 \\u0433\"}}, {\"added\": {\"name\": \"\\u041e\\u0431\\u044a\\u0451\\u043c \\u0442\\u0430\\u0440\\u044b \\u043f\\u0440\\u043e\\u0434\\u0443\\u043a\\u0442\\u0430\", \"object\": \"3 \\u043a\\u0433\"}}]',42,1),(148,'2024-11-20 07:47:30.388000','6','Продукт категории - Крупы и злаки',2,'[{\"changed\": {\"fields\": [\"\\u041e\\u043f\\u0438\\u0441\\u0430\\u043d\\u0438\\u0435 \\u0438\\u0437\\u043e\\u0431\\u0440\\u0430\\u0436\\u0435\\u043d\\u0438\\u044f\"]}}, {\"added\": {\"name\": \"\\u041e\\u0431\\u044a\\u0451\\u043c \\u0442\\u0430\\u0440\\u044b \\u043f\\u0440\\u043e\\u0434\\u0443\\u043a\\u0442\\u0430\", \"object\": \"1 \\u043a\\u0433\"}}]',42,1),(149,'2024-11-20 07:47:58.451000','47','Продукт категории - Мука и макаронные изделия',2,'[{\"changed\": {\"fields\": [\"\\u041e\\u043f\\u0438\\u0441\\u0430\\u043d\\u0438\\u0435 \\u0438\\u0437\\u043e\\u0431\\u0440\\u0430\\u0436\\u0435\\u043d\\u0438\\u044f\"]}}, {\"added\": {\"name\": \"\\u041e\\u0431\\u044a\\u0451\\u043c \\u0442\\u0430\\u0440\\u044b \\u043f\\u0440\\u043e\\u0434\\u0443\\u043a\\u0442\\u0430\", \"object\": \"1 \\u043a\\u0433\"}}, {\"added\": {\"name\": \"\\u041e\\u0431\\u044a\\u0451\\u043c \\u0442\\u0430\\u0440\\u044b \\u043f\\u0440\\u043e\\u0434\\u0443\\u043a\\u0442\\u0430\", \"object\": \"2 \\u043a\\u0433\"}}]',42,1),(150,'2024-11-20 07:56:48.014000','13','Продукт категории - Мука и макаронные изделия',2,'[{\"added\": {\"name\": \"\\u041e\\u0431\\u044a\\u0451\\u043c \\u0442\\u0430\\u0440\\u044b \\u043f\\u0440\\u043e\\u0434\\u0443\\u043a\\u0442\\u0430\", \"object\": \"1 \\u043a\\u0433\"}}, {\"added\": {\"name\": \"\\u041e\\u0431\\u044a\\u0451\\u043c \\u0442\\u0430\\u0440\\u044b \\u043f\\u0440\\u043e\\u0434\\u0443\\u043a\\u0442\\u0430\", \"object\": \"2 \\u043a\\u0433\"}}, {\"added\": {\"name\": \"\\u041e\\u0431\\u044a\\u0451\\u043c \\u0442\\u0430\\u0440\\u044b \\u043f\\u0440\\u043e\\u0434\\u0443\\u043a\\u0442\\u0430\", \"object\": \"10 \\u043a\\u0433\"}}, {\"added\": {\"name\": \"\\u041e\\u0431\\u044a\\u0451\\u043c \\u0442\\u0430\\u0440\\u044b \\u043f\\u0440\\u043e\\u0434\\u0443\\u043a\\u0442\\u0430\", \"object\": \"50 \\u043a\\u0433\"}}]',42,1),(151,'2024-11-20 07:57:12.688000','11','Продукт категории - Мука и макаронные изделия',2,'[{\"added\": {\"name\": \"\\u041e\\u0431\\u044a\\u0451\\u043c \\u0442\\u0430\\u0440\\u044b \\u043f\\u0440\\u043e\\u0434\\u0443\\u043a\\u0442\\u0430\", \"object\": \"1 \\u043a\\u0433\"}}, {\"added\": {\"name\": \"\\u041e\\u0431\\u044a\\u0451\\u043c \\u0442\\u0430\\u0440\\u044b \\u043f\\u0440\\u043e\\u0434\\u0443\\u043a\\u0442\\u0430\", \"object\": \"2 \\u043a\\u0433\"}}]',42,1),(152,'2024-11-20 07:57:23.637000','10','Продукт категории - Мука и макаронные изделия',2,'[{\"changed\": {\"fields\": [\"\\u041e\\u043f\\u0438\\u0441\\u0430\\u043d\\u0438\\u0435 \\u0438\\u0437\\u043e\\u0431\\u0440\\u0430\\u0436\\u0435\\u043d\\u0438\\u044f\"]}}, {\"added\": {\"name\": \"\\u041e\\u0431\\u044a\\u0451\\u043c \\u0442\\u0430\\u0440\\u044b \\u043f\\u0440\\u043e\\u0434\\u0443\\u043a\\u0442\\u0430\", \"object\": \"1 \\u043a\\u0433\"}}, {\"added\": {\"name\": \"\\u041e\\u0431\\u044a\\u0451\\u043c \\u0442\\u0430\\u0440\\u044b \\u043f\\u0440\\u043e\\u0434\\u0443\\u043a\\u0442\\u0430\", \"object\": \"2 \\u043a\\u0433\"}}]',42,1),(153,'2024-11-20 07:57:57.855000','5','шт',1,'[{\"added\": {}}]',43,1),(154,'2024-11-20 07:58:08.383000','14','Продукт категории - Яйца',2,'[{\"added\": {\"name\": \"\\u041e\\u0431\\u044a\\u0451\\u043c \\u0442\\u0430\\u0440\\u044b \\u043f\\u0440\\u043e\\u0434\\u0443\\u043a\\u0442\\u0430\", \"object\": \"360 \\u0448\\u0442\"}}]',42,1),(155,'2024-11-20 07:58:25.097000','1','Продукт категории - Яйца',2,'[{\"changed\": {\"fields\": [\"\\u041e\\u043f\\u0438\\u0441\\u0430\\u043d\\u0438\\u0435 \\u0438\\u0437\\u043e\\u0431\\u0440\\u0430\\u0436\\u0435\\u043d\\u0438\\u044f\"]}}, {\"added\": {\"name\": \"\\u041e\\u0431\\u044a\\u0451\\u043c \\u0442\\u0430\\u0440\\u044b \\u043f\\u0440\\u043e\\u0434\\u0443\\u043a\\u0442\\u0430\", \"object\": \"360 \\u0448\\u0442\"}}]',42,1),(156,'2024-11-20 07:58:48.497000','2','Продукт категории - Яйца',2,'[{\"changed\": {\"fields\": [\"\\u041e\\u043f\\u0438\\u0441\\u0430\\u043d\\u0438\\u0435 \\u0438\\u0437\\u043e\\u0431\\u0440\\u0430\\u0436\\u0435\\u043d\\u0438\\u044f\"]}}, {\"added\": {\"name\": \"\\u041e\\u0431\\u044a\\u0451\\u043c \\u0442\\u0430\\u0440\\u044b \\u043f\\u0440\\u043e\\u0434\\u0443\\u043a\\u0442\\u0430\", \"object\": \"360 \\u0448\\u0442\"}}]',42,1),(157,'2024-11-20 07:58:55.501000','14','Продукт категории - Яйца',2,'[{\"changed\": {\"fields\": [\"\\u041e\\u043f\\u0438\\u0441\\u0430\\u043d\\u0438\\u0435 \\u0438\\u0437\\u043e\\u0431\\u0440\\u0430\\u0436\\u0435\\u043d\\u0438\\u044f\"]}}]',42,1),(158,'2024-11-20 08:38:46.663000','2','Второй элемент',2,'[{\"changed\": {\"fields\": [\"\\u0418\\u0437\\u043e\\u0431\\u0440\\u0430\\u0436\\u0435\\u043d\\u0438\\u0435 \\u044d\\u043b\\u0435\\u043c\\u0435\\u043d\\u0442\\u0430\"]}}]',40,1),(159,'2024-11-20 08:38:56.801000','2','Второй элемент',2,'[]',40,1),(160,'2024-11-20 08:39:02.811000','2','Второй элемент',2,'[{\"changed\": {\"fields\": [\"\\u041e\\u043f\\u0438\\u0441\\u0430\\u043d\\u0438\\u0435 \\u044d\\u043b\\u0435\\u043c\\u0435\\u043d\\u0442\\u0430\"]}}]',40,1),(161,'2024-11-20 08:39:18.380000','2','Второй элемент',2,'[{\"changed\": {\"fields\": [\"\\u041e\\u043f\\u0438\\u0441\\u0430\\u043d\\u0438\\u0435 \\u044d\\u043b\\u0435\\u043c\\u0435\\u043d\\u0442\\u0430\"]}}]',40,1),(162,'2024-11-20 08:43:36.197000','2','Второй элемент',2,'[{\"changed\": {\"fields\": [\"\\u041e\\u043f\\u0438\\u0441\\u0430\\u043d\\u0438\\u0435 \\u044d\\u043b\\u0435\\u043c\\u0435\\u043d\\u0442\\u0430\", \"\\u0418\\u0437\\u043e\\u0431\\u0440\\u0430\\u0436\\u0435\\u043d\\u0438\\u0435 \\u044d\\u043b\\u0435\\u043c\\u0435\\u043d\\u0442\\u0430\"]}}]',40,1),(163,'2024-11-20 08:43:51.314000','2','Второй элемент',2,'[{\"changed\": {\"fields\": [\"\\u041e\\u043f\\u0438\\u0441\\u0430\\u043d\\u0438\\u0435 \\u044d\\u043b\\u0435\\u043c\\u0435\\u043d\\u0442\\u0430\"]}}]',40,1),(164,'2024-11-20 08:43:56.027000','2','Второй элемент',2,'[{\"changed\": {\"fields\": [\"\\u041e\\u043f\\u0438\\u0441\\u0430\\u043d\\u0438\\u0435 \\u044d\\u043b\\u0435\\u043c\\u0435\\u043d\\u0442\\u0430\"]}}]',40,1),(165,'2024-11-20 08:49:58.103000','2','Второй элемент',2,'[{\"changed\": {\"fields\": [\"\\u041e\\u043f\\u0438\\u0441\\u0430\\u043d\\u0438\\u0435 \\u044d\\u043b\\u0435\\u043c\\u0435\\u043d\\u0442\\u0430\", \"\\u0418\\u0437\\u043e\\u0431\\u0440\\u0430\\u0436\\u0435\\u043d\\u0438\\u0435 \\u044d\\u043b\\u0435\\u043c\\u0435\\u043d\\u0442\\u0430\"]}}]',40,1),(166,'2024-11-20 08:50:04.469000','2','Второй элемент',2,'[{\"changed\": {\"fields\": [\"\\u041e\\u043f\\u0438\\u0441\\u0430\\u043d\\u0438\\u0435 \\u044d\\u043b\\u0435\\u043c\\u0435\\u043d\\u0442\\u0430\"]}}]',40,1),(167,'2024-11-20 08:50:08.545000','2','Второй элемент',2,'[{\"changed\": {\"fields\": [\"\\u041e\\u043f\\u0438\\u0441\\u0430\\u043d\\u0438\\u0435 \\u044d\\u043b\\u0435\\u043c\\u0435\\u043d\\u0442\\u0430\"]}}]',40,1),(168,'2024-11-20 08:53:10.982000','1','Первый элемент',2,'[{\"changed\": {\"fields\": [\"\\u0418\\u0437\\u043e\\u0431\\u0440\\u0430\\u0436\\u0435\\u043d\\u0438\\u0435 \\u044d\\u043b\\u0435\\u043c\\u0435\\u043d\\u0442\\u0430\"]}}]',40,1),(169,'2024-11-20 08:54:18.970000','3','Третий элемент',2,'[{\"changed\": {\"fields\": [\"\\u0418\\u0437\\u043e\\u0431\\u0440\\u0430\\u0436\\u0435\\u043d\\u0438\\u0435 \\u044d\\u043b\\u0435\\u043c\\u0435\\u043d\\u0442\\u0430\"]}}]',40,1),(170,'2024-11-20 09:04:51.179000','46','Продукт категории - Консервация',2,'[{\"changed\": {\"fields\": [\"\\u0418\\u0437\\u043e\\u0431\\u0440\\u0430\\u0436\\u0435\\u043d\\u0438\\u0435 \\u043f\\u0440\\u043e\\u0434\\u0443\\u043a\\u0442\\u0430\"]}}]',42,1),(171,'2024-11-20 09:05:40.266000','45','Продукт категории - Консервация',2,'[{\"changed\": {\"fields\": [\"\\u0418\\u0437\\u043e\\u0431\\u0440\\u0430\\u0436\\u0435\\u043d\\u0438\\u0435 \\u043f\\u0440\\u043e\\u0434\\u0443\\u043a\\u0442\\u0430\"]}}]',42,1),(172,'2024-11-20 09:06:12.570000','44','Продукт категории - Консервация',2,'[{\"changed\": {\"fields\": [\"\\u0418\\u0437\\u043e\\u0431\\u0440\\u0430\\u0436\\u0435\\u043d\\u0438\\u0435 \\u043f\\u0440\\u043e\\u0434\\u0443\\u043a\\u0442\\u0430\"]}}]',42,1),(173,'2024-11-20 09:06:27.521000','43','Продукт категории - Консервация',2,'[{\"changed\": {\"fields\": [\"\\u0418\\u0437\\u043e\\u0431\\u0440\\u0430\\u0436\\u0435\\u043d\\u0438\\u0435 \\u043f\\u0440\\u043e\\u0434\\u0443\\u043a\\u0442\\u0430\"]}}]',42,1),(174,'2024-11-20 09:06:41.881000','42','Продукт категории - Консервация',2,'[{\"changed\": {\"fields\": [\"\\u0418\\u0437\\u043e\\u0431\\u0440\\u0430\\u0436\\u0435\\u043d\\u0438\\u0435 \\u043f\\u0440\\u043e\\u0434\\u0443\\u043a\\u0442\\u0430\"]}}]',42,1),(175,'2024-11-20 09:07:27.588000','41','Продукт категории - Консервация',2,'[{\"changed\": {\"fields\": [\"\\u0418\\u0437\\u043e\\u0431\\u0440\\u0430\\u0436\\u0435\\u043d\\u0438\\u0435 \\u043f\\u0440\\u043e\\u0434\\u0443\\u043a\\u0442\\u0430\"]}}]',42,1),(176,'2024-11-20 09:07:43.850000','40','Продукт категории - Консервация',2,'[{\"changed\": {\"fields\": [\"\\u0418\\u0437\\u043e\\u0431\\u0440\\u0430\\u0436\\u0435\\u043d\\u0438\\u0435 \\u043f\\u0440\\u043e\\u0434\\u0443\\u043a\\u0442\\u0430\"]}}]',42,1),(177,'2024-11-20 09:08:02.699000','39','Продукт категории - Консервация',2,'[{\"changed\": {\"fields\": [\"\\u0418\\u0437\\u043e\\u0431\\u0440\\u0430\\u0436\\u0435\\u043d\\u0438\\u0435 \\u043f\\u0440\\u043e\\u0434\\u0443\\u043a\\u0442\\u0430\"]}}]',42,1),(178,'2024-11-20 09:08:39.548000','38','Продукт категории - Консервация',2,'[{\"changed\": {\"fields\": [\"\\u0418\\u0437\\u043e\\u0431\\u0440\\u0430\\u0436\\u0435\\u043d\\u0438\\u0435 \\u043f\\u0440\\u043e\\u0434\\u0443\\u043a\\u0442\\u0430\"]}}]',42,1),(179,'2024-11-20 09:10:00.784000','37','Продукт категории - Консервация',2,'[{\"changed\": {\"fields\": [\"\\u0418\\u0437\\u043e\\u0431\\u0440\\u0430\\u0436\\u0435\\u043d\\u0438\\u0435 \\u043f\\u0440\\u043e\\u0434\\u0443\\u043a\\u0442\\u0430\"]}}]',42,1),(180,'2024-11-20 09:10:12.325000','36','Продукт категории - Консервация',2,'[{\"changed\": {\"fields\": [\"\\u0418\\u0437\\u043e\\u0431\\u0440\\u0430\\u0436\\u0435\\u043d\\u0438\\u0435 \\u043f\\u0440\\u043e\\u0434\\u0443\\u043a\\u0442\\u0430\"]}}]',42,1),(181,'2024-11-20 09:10:24.986000','35','Продукт категории - Консервация',2,'[{\"changed\": {\"fields\": [\"\\u0418\\u0437\\u043e\\u0431\\u0440\\u0430\\u0436\\u0435\\u043d\\u0438\\u0435 \\u043f\\u0440\\u043e\\u0434\\u0443\\u043a\\u0442\\u0430\"]}}]',42,1),(182,'2024-11-20 09:10:55.693000','34','Продукт категории - Консервация',2,'[{\"changed\": {\"fields\": [\"\\u0418\\u0437\\u043e\\u0431\\u0440\\u0430\\u0436\\u0435\\u043d\\u0438\\u0435 \\u043f\\u0440\\u043e\\u0434\\u0443\\u043a\\u0442\\u0430\"]}}]',42,1),(183,'2024-11-20 09:11:54.579000','33','Продукт категории - Консервация',2,'[{\"changed\": {\"fields\": [\"\\u0418\\u0437\\u043e\\u0431\\u0440\\u0430\\u0436\\u0435\\u043d\\u0438\\u0435 \\u043f\\u0440\\u043e\\u0434\\u0443\\u043a\\u0442\\u0430\"]}}]',42,1),(184,'2024-11-20 09:12:17.185000','32','Продукт категории - Консервация',2,'[{\"changed\": {\"fields\": [\"\\u0418\\u0437\\u043e\\u0431\\u0440\\u0430\\u0436\\u0435\\u043d\\u0438\\u0435 \\u043f\\u0440\\u043e\\u0434\\u0443\\u043a\\u0442\\u0430\"]}}]',42,1),(185,'2024-11-20 09:12:40.802000','31','Продукт категории - Консервация',2,'[{\"changed\": {\"fields\": [\"\\u0418\\u0437\\u043e\\u0431\\u0440\\u0430\\u0436\\u0435\\u043d\\u0438\\u0435 \\u043f\\u0440\\u043e\\u0434\\u0443\\u043a\\u0442\\u0430\"]}}]',42,1),(186,'2024-11-20 09:12:53.160000','26','Продукт категории - Консервация',2,'[{\"changed\": {\"fields\": [\"\\u0418\\u0437\\u043e\\u0431\\u0440\\u0430\\u0436\\u0435\\u043d\\u0438\\u0435 \\u043f\\u0440\\u043e\\u0434\\u0443\\u043a\\u0442\\u0430\"]}}]',42,1),(187,'2024-11-20 09:19:26.340000','25','Продукт категории - Консервация',2,'[{\"changed\": {\"fields\": [\"\\u0418\\u0437\\u043e\\u0431\\u0440\\u0430\\u0436\\u0435\\u043d\\u0438\\u0435 \\u043f\\u0440\\u043e\\u0434\\u0443\\u043a\\u0442\\u0430\"]}}]',42,1),(188,'2024-11-20 09:19:57.153000','30','Продукт категории - Консервация',2,'[{\"changed\": {\"fields\": [\"\\u0418\\u0437\\u043e\\u0431\\u0440\\u0430\\u0436\\u0435\\u043d\\u0438\\u0435 \\u043f\\u0440\\u043e\\u0434\\u0443\\u043a\\u0442\\u0430\"]}}]',42,1),(189,'2024-11-20 09:20:12.342000','29','Продукт категории - Консервация',2,'[{\"changed\": {\"fields\": [\"\\u0418\\u0437\\u043e\\u0431\\u0440\\u0430\\u0436\\u0435\\u043d\\u0438\\u0435 \\u043f\\u0440\\u043e\\u0434\\u0443\\u043a\\u0442\\u0430\"]}}]',42,1),(190,'2024-11-20 09:20:27.460000','28','Продукт категории - Консервация',2,'[{\"changed\": {\"fields\": [\"\\u0418\\u0437\\u043e\\u0431\\u0440\\u0430\\u0436\\u0435\\u043d\\u0438\\u0435 \\u043f\\u0440\\u043e\\u0434\\u0443\\u043a\\u0442\\u0430\"]}}]',42,1),(191,'2024-11-20 09:21:07.043000','27','Продукт категории - Консервация',2,'[{\"changed\": {\"fields\": [\"\\u0418\\u0437\\u043e\\u0431\\u0440\\u0430\\u0436\\u0435\\u043d\\u0438\\u0435 \\u043f\\u0440\\u043e\\u0434\\u0443\\u043a\\u0442\\u0430\"]}}]',42,1),(192,'2024-11-20 09:21:58.095000','24','Продукт категории - Консервация',2,'[{\"changed\": {\"fields\": [\"\\u0418\\u0437\\u043e\\u0431\\u0440\\u0430\\u0436\\u0435\\u043d\\u0438\\u0435 \\u043f\\u0440\\u043e\\u0434\\u0443\\u043a\\u0442\\u0430\"]}}]',42,1),(193,'2024-11-20 09:22:10.074000','23','Продукт категории - Консервация',2,'[{\"changed\": {\"fields\": [\"\\u0418\\u0437\\u043e\\u0431\\u0440\\u0430\\u0436\\u0435\\u043d\\u0438\\u0435 \\u043f\\u0440\\u043e\\u0434\\u0443\\u043a\\u0442\\u0430\"]}}]',42,1),(194,'2024-11-20 09:22:22.378000','22','Продукт категории - Консервация',2,'[{\"changed\": {\"fields\": [\"\\u0418\\u0437\\u043e\\u0431\\u0440\\u0430\\u0436\\u0435\\u043d\\u0438\\u0435 \\u043f\\u0440\\u043e\\u0434\\u0443\\u043a\\u0442\\u0430\"]}}]',42,1),(195,'2024-11-20 09:22:36.866000','21','Продукт категории - Консервация',2,'[{\"changed\": {\"fields\": [\"\\u0418\\u0437\\u043e\\u0431\\u0440\\u0430\\u0436\\u0435\\u043d\\u0438\\u0435 \\u043f\\u0440\\u043e\\u0434\\u0443\\u043a\\u0442\\u0430\"]}}]',42,1),(196,'2024-11-20 09:23:17.463000','20','Продукт категории - Консервация',3,'',42,1),(197,'2024-11-20 09:23:39.063000','19','Продукт категории - Консервация',2,'[{\"changed\": {\"fields\": [\"\\u0418\\u0437\\u043e\\u0431\\u0440\\u0430\\u0436\\u0435\\u043d\\u0438\\u0435 \\u043f\\u0440\\u043e\\u0434\\u0443\\u043a\\u0442\\u0430\"]}}]',42,1),(198,'2024-11-20 09:23:54.793000','18','Продукт категории - Консервация',2,'[{\"changed\": {\"fields\": [\"\\u0418\\u0437\\u043e\\u0431\\u0440\\u0430\\u0436\\u0435\\u043d\\u0438\\u0435 \\u043f\\u0440\\u043e\\u0434\\u0443\\u043a\\u0442\\u0430\"]}}]',42,1),(199,'2024-11-20 09:24:19.421000','9','Продукт категории - Консервация',2,'[{\"changed\": {\"fields\": [\"\\u0418\\u0437\\u043e\\u0431\\u0440\\u0430\\u0436\\u0435\\u043d\\u0438\\u0435 \\u043f\\u0440\\u043e\\u0434\\u0443\\u043a\\u0442\\u0430\"]}}]',42,1),(200,'2024-11-20 09:25:20.059000','17','Продукт категории - Крупы и злаки',2,'[{\"changed\": {\"fields\": [\"\\u0418\\u0437\\u043e\\u0431\\u0440\\u0430\\u0436\\u0435\\u043d\\u0438\\u0435 \\u043f\\u0440\\u043e\\u0434\\u0443\\u043a\\u0442\\u0430\"]}}]',42,1),(201,'2024-11-20 09:25:37.588000','16','Продукт категории - Крупы и злаки',2,'[{\"changed\": {\"fields\": [\"\\u0418\\u0437\\u043e\\u0431\\u0440\\u0430\\u0436\\u0435\\u043d\\u0438\\u0435 \\u043f\\u0440\\u043e\\u0434\\u0443\\u043a\\u0442\\u0430\"]}}]',42,1),(202,'2024-11-20 09:26:14.424000','8','Продукт категории - Консервация',2,'[{\"changed\": {\"fields\": [\"\\u0418\\u0437\\u043e\\u0431\\u0440\\u0430\\u0436\\u0435\\u043d\\u0438\\u0435 \\u043f\\u0440\\u043e\\u0434\\u0443\\u043a\\u0442\\u0430\"]}}]',42,1),(203,'2024-11-20 09:26:28.492000','15','Продукт категории - Крупы и злаки',2,'[{\"changed\": {\"fields\": [\"\\u0418\\u0437\\u043e\\u0431\\u0440\\u0430\\u0436\\u0435\\u043d\\u0438\\u0435 \\u043f\\u0440\\u043e\\u0434\\u0443\\u043a\\u0442\\u0430\"]}}]',42,1),(204,'2024-11-20 09:26:55.525000','7','Продукт категории - Крупы и злаки',2,'[{\"changed\": {\"fields\": [\"\\u0418\\u0437\\u043e\\u0431\\u0440\\u0430\\u0436\\u0435\\u043d\\u0438\\u0435 \\u043f\\u0440\\u043e\\u0434\\u0443\\u043a\\u0442\\u0430\"]}}]',42,1),(205,'2024-11-20 09:27:07.867000','6','Продукт категории - Крупы и злаки',2,'[{\"changed\": {\"fields\": [\"\\u0418\\u0437\\u043e\\u0431\\u0440\\u0430\\u0436\\u0435\\u043d\\u0438\\u0435 \\u043f\\u0440\\u043e\\u0434\\u0443\\u043a\\u0442\\u0430\"]}}]',42,1),(206,'2024-11-20 09:27:23.459000','47','Продукт категории - Мука и макаронные изделия',2,'[{\"changed\": {\"fields\": [\"\\u0418\\u0437\\u043e\\u0431\\u0440\\u0430\\u0436\\u0435\\u043d\\u0438\\u0435 \\u043f\\u0440\\u043e\\u0434\\u0443\\u043a\\u0442\\u0430\"]}}]',42,1),(207,'2024-11-20 09:27:43.328000','13','Продукт категории - Мука и макаронные изделия',2,'[{\"changed\": {\"fields\": [\"\\u0418\\u0437\\u043e\\u0431\\u0440\\u0430\\u0436\\u0435\\u043d\\u0438\\u0435 \\u043f\\u0440\\u043e\\u0434\\u0443\\u043a\\u0442\\u0430\"]}}]',42,1),(208,'2024-11-20 09:28:02.714000','12','Продукт категории - Мука и макаронные изделия',2,'[{\"changed\": {\"fields\": [\"\\u0418\\u0437\\u043e\\u0431\\u0440\\u0430\\u0436\\u0435\\u043d\\u0438\\u0435 \\u043f\\u0440\\u043e\\u0434\\u0443\\u043a\\u0442\\u0430\"]}}]',42,1),(209,'2024-11-20 09:28:26.111000','11','Продукт категории - Мука и макаронные изделия',2,'[{\"changed\": {\"fields\": [\"\\u0418\\u0437\\u043e\\u0431\\u0440\\u0430\\u0436\\u0435\\u043d\\u0438\\u0435 \\u043f\\u0440\\u043e\\u0434\\u0443\\u043a\\u0442\\u0430\"]}}]',42,1),(210,'2024-11-20 09:28:39.979000','10','Продукт категории - Мука и макаронные изделия',2,'[{\"changed\": {\"fields\": [\"\\u0418\\u0437\\u043e\\u0431\\u0440\\u0430\\u0436\\u0435\\u043d\\u0438\\u0435 \\u043f\\u0440\\u043e\\u0434\\u0443\\u043a\\u0442\\u0430\"]}}]',42,1),(211,'2024-11-20 09:29:00.734000','14','Продукт категории - Яйца',2,'[{\"changed\": {\"fields\": [\"\\u0418\\u0437\\u043e\\u0431\\u0440\\u0430\\u0436\\u0435\\u043d\\u0438\\u0435 \\u043f\\u0440\\u043e\\u0434\\u0443\\u043a\\u0442\\u0430\"]}}]',42,1),(212,'2024-11-20 09:29:33.799000','2','Продукт категории - Яйца',2,'[{\"changed\": {\"fields\": [\"\\u0418\\u0437\\u043e\\u0431\\u0440\\u0430\\u0436\\u0435\\u043d\\u0438\\u0435 \\u043f\\u0440\\u043e\\u0434\\u0443\\u043a\\u0442\\u0430\"]}}]',42,1),(213,'2024-11-20 09:29:58.213000','1','Продукт категории - Яйца',2,'[{\"changed\": {\"fields\": [\"\\u0418\\u0437\\u043e\\u0431\\u0440\\u0430\\u0436\\u0435\\u043d\\u0438\\u0435 \\u043f\\u0440\\u043e\\u0434\\u0443\\u043a\\u0442\\u0430\"]}}]',42,1),(214,'2024-11-20 09:30:55.406000','12','Продукт категории - Мука и макаронные изделия',2,'[{\"changed\": {\"fields\": [\"\\u0418\\u0437\\u043e\\u0431\\u0440\\u0430\\u0436\\u0435\\u043d\\u0438\\u0435 \\u043f\\u0440\\u043e\\u0434\\u0443\\u043a\\u0442\\u0430\"]}}]',42,1),(215,'2024-11-20 09:31:38.822000','17','Продукт категории - Крупы и злаки',2,'[{\"changed\": {\"fields\": [\"\\u0418\\u0437\\u043e\\u0431\\u0440\\u0430\\u0436\\u0435\\u043d\\u0438\\u0435 \\u043f\\u0440\\u043e\\u0434\\u0443\\u043a\\u0442\\u0430\"]}}]',42,1),(216,'2024-11-20 09:32:01.896000','6','Продукт категории - Крупы и злаки',2,'[{\"changed\": {\"fields\": [\"\\u0418\\u0437\\u043e\\u0431\\u0440\\u0430\\u0436\\u0435\\u043d\\u0438\\u0435 \\u043f\\u0440\\u043e\\u0434\\u0443\\u043a\\u0442\\u0430\"]}}]',42,1),(217,'2024-11-20 09:50:46.802000','13','Продукт категории - Мука и макаронные изделия',2,'[{\"changed\": {\"fields\": [\"\\u041e\\u043f\\u0438\\u0441\\u0430\\u043d\\u0438\\u0435 \\u0438\\u0437\\u043e\\u0431\\u0440\\u0430\\u0436\\u0435\\u043d\\u0438\\u044f\"]}}]',42,1),(218,'2024-11-20 09:51:12.422000','11','Продукт категории - Мука и макаронные изделия',2,'[{\"changed\": {\"fields\": [\"\\u041e\\u043f\\u0438\\u0441\\u0430\\u043d\\u0438\\u0435 \\u0438\\u0437\\u043e\\u0431\\u0440\\u0430\\u0436\\u0435\\u043d\\u0438\\u044f\"]}}]',42,1),(219,'2024-11-21 20:00:20.875000','1','Первый элемент',2,'[{\"changed\": {\"fields\": [\"\\u041e\\u043f\\u0438\\u0441\\u0430\\u043d\\u0438\\u0435 \\u044d\\u043b\\u0435\\u043c\\u0435\\u043d\\u0442\\u0430\"]}}]',40,1),(220,'2024-11-22 10:25:02.576000','4','Консервация',2,'[{\"changed\": {\"fields\": [\"\\u041e\\u043f\\u0438\\u0441\\u0430\\u043d\\u0438\\u0435 \\u043d\\u0430 \\u0433\\u043b\\u0430\\u0432\\u043d\\u043e\\u0439 \\u0441\\u0442\\u0440\\u0430\\u043d\\u0438\\u0446\\u0435\", \"\\u0418\\u0437\\u043e\\u0431\\u0440\\u0430\\u0436\\u0435\\u043d\\u0438\\u0435 \\u043a\\u0430\\u0442\\u0435\\u0433\\u043e\\u0440\\u0438\\u0438 \\u043f\\u0440\\u043e\\u0434\\u0443\\u043a\\u0442\\u0430\"]}}]',41,1),(221,'2024-11-22 10:25:38.616000','3','Крупы и злаки',2,'[{\"changed\": {\"fields\": [\"\\u041e\\u043f\\u0438\\u0441\\u0430\\u043d\\u0438\\u0435 \\u043d\\u0430 \\u0433\\u043b\\u0430\\u0432\\u043d\\u043e\\u0439 \\u0441\\u0442\\u0440\\u0430\\u043d\\u0438\\u0446\\u0435\", \"\\u0418\\u0437\\u043e\\u0431\\u0440\\u0430\\u0436\\u0435\\u043d\\u0438\\u0435 \\u043a\\u0430\\u0442\\u0435\\u0433\\u043e\\u0440\\u0438\\u0438 \\u043f\\u0440\\u043e\\u0434\\u0443\\u043a\\u0442\\u0430\"]}}]',41,1),(222,'2024-11-22 10:26:05.480000','2','Мука и макаронные изделия',2,'[{\"changed\": {\"fields\": [\"\\u041e\\u043f\\u0438\\u0441\\u0430\\u043d\\u0438\\u0435 \\u043d\\u0430 \\u0433\\u043b\\u0430\\u0432\\u043d\\u043e\\u0439 \\u0441\\u0442\\u0440\\u0430\\u043d\\u0438\\u0446\\u0435\", \"\\u0418\\u0437\\u043e\\u0431\\u0440\\u0430\\u0436\\u0435\\u043d\\u0438\\u0435 \\u043a\\u0430\\u0442\\u0435\\u0433\\u043e\\u0440\\u0438\\u0438 \\u043f\\u0440\\u043e\\u0434\\u0443\\u043a\\u0442\\u0430\"]}}]',41,1),(223,'2024-11-22 10:26:49.354000','1','Яйца',2,'[{\"changed\": {\"fields\": [\"\\u041e\\u043f\\u0438\\u0441\\u0430\\u043d\\u0438\\u0435 \\u043d\\u0430 \\u0433\\u043b\\u0430\\u0432\\u043d\\u043e\\u0439 \\u0441\\u0442\\u0440\\u0430\\u043d\\u0438\\u0446\\u0435\", \"\\u0418\\u0437\\u043e\\u0431\\u0440\\u0430\\u0436\\u0435\\u043d\\u0438\\u0435 \\u043a\\u0430\\u0442\\u0435\\u0433\\u043e\\u0440\\u0438\\u0438 \\u043f\\u0440\\u043e\\u0434\\u0443\\u043a\\u0442\\u0430\"]}}]',41,1),(224,'2024-11-24 10:45:51.323000','1','Продукт категории - Яйца',2,'[{\"changed\": {\"fields\": [\"\\u0418\\u0437\\u043e\\u0431\\u0440\\u0430\\u0436\\u0435\\u043d\\u0438\\u0435 \\u043f\\u0440\\u043e\\u0434\\u0443\\u043a\\u0442\\u0430\"]}}]',42,1),(225,'2024-11-25 18:38:10.516000','48','Продукт категории - Мука и макаронные изделия',1,'[{\"added\": {}}, {\"added\": {\"name\": \"\\u041e\\u0431\\u044a\\u0451\\u043c \\u0442\\u0430\\u0440\\u044b \\u043f\\u0440\\u043e\\u0434\\u0443\\u043a\\u0442\\u0430\", \"object\": \"10 \\u043a\\u0433\"}}, {\"added\": {\"name\": \"\\u041e\\u0431\\u044a\\u0451\\u043c \\u0442\\u0430\\u0440\\u044b \\u043f\\u0440\\u043e\\u0434\\u0443\\u043a\\u0442\\u0430\", \"object\": \"15 \\u043a\\u0433\"}}]',42,1),(226,'2024-11-25 18:39:16.661000','49','Продукт категории - Мука и макаронные изделия',1,'[{\"added\": {}}, {\"added\": {\"name\": \"\\u041e\\u0431\\u044a\\u0451\\u043c \\u0442\\u0430\\u0440\\u044b \\u043f\\u0440\\u043e\\u0434\\u0443\\u043a\\u0442\\u0430\", \"object\": \"25 \\u043a\\u0433\"}}, {\"added\": {\"name\": \"\\u041e\\u0431\\u044a\\u0451\\u043c \\u0442\\u0430\\u0440\\u044b \\u043f\\u0440\\u043e\\u0434\\u0443\\u043a\\u0442\\u0430\", \"object\": \"50 \\u043a\\u0433\"}}]',42,1),(227,'2024-11-26 08:17:13.780000','1','Первый элемент',2,'[{\"changed\": {\"fields\": [\"\\u0418\\u0437\\u043e\\u0431\\u0440\\u0430\\u0436\\u0435\\u043d\\u0438\\u0435 \\u044d\\u043b\\u0435\\u043c\\u0435\\u043d\\u0442\\u0430\"]}}]',40,1),(228,'2024-11-26 08:19:12.290000','2','Второй элемент',2,'[{\"changed\": {\"fields\": [\"\\u0418\\u0437\\u043e\\u0431\\u0440\\u0430\\u0436\\u0435\\u043d\\u0438\\u0435 \\u044d\\u043b\\u0435\\u043c\\u0435\\u043d\\u0442\\u0430\"]}}]',40,1),(229,'2024-11-26 08:19:58.312000','3','Крупы и злаки',2,'[{\"changed\": {\"fields\": [\"C\\u0435\\u0440\\u0442\\u0438\\u0444\\u0438\\u043a\\u0430\\u0442 \\u043f\\u0440\\u043e\\u0434\\u0443\\u043a\\u0442\\u0430\"]}}]',41,1),(230,'2024-11-26 08:20:12.450000','2','Мука и макаронные изделия',2,'[{\"changed\": {\"fields\": [\"C\\u0435\\u0440\\u0442\\u0438\\u0444\\u0438\\u043a\\u0430\\u0442 \\u043f\\u0440\\u043e\\u0434\\u0443\\u043a\\u0442\\u0430\"]}}]',41,1),(231,'2024-11-26 08:20:25.463000','1','Яйца',2,'[{\"changed\": {\"fields\": [\"C\\u0435\\u0440\\u0442\\u0438\\u0444\\u0438\\u043a\\u0430\\u0442 \\u043f\\u0440\\u043e\\u0434\\u0443\\u043a\\u0442\\u0430\"]}}]',41,1),(232,'2024-11-26 08:54:52.498000','2','Мука и макаронные изделия',2,'[{\"changed\": {\"fields\": [\"\\u041e\\u043f\\u0438\\u0441\\u0430\\u043d\\u0438\\u0435 \\u043d\\u0430 \\u0441\\u0442\\u0440\\u0430\\u043d\\u0438\\u0446\\u0435 \\u043f\\u0440\\u043e\\u0434\\u0443\\u043a\\u0442\\u043e\\u0432\"]}}]',41,1),(233,'2024-11-26 08:55:52.527000','3','Крупы и злаки',2,'[{\"changed\": {\"fields\": [\"\\u041e\\u043f\\u0438\\u0441\\u0430\\u043d\\u0438\\u0435 \\u043d\\u0430 \\u0441\\u0442\\u0440\\u0430\\u043d\\u0438\\u0446\\u0435 \\u043f\\u0440\\u043e\\u0434\\u0443\\u043a\\u0442\\u043e\\u0432\"]}}]',41,1),(234,'2024-11-26 08:56:24.773000','4','Консервация',2,'[{\"changed\": {\"fields\": [\"\\u041e\\u043f\\u0438\\u0441\\u0430\\u043d\\u0438\\u0435 \\u043d\\u0430 \\u0441\\u0442\\u0440\\u0430\\u043d\\u0438\\u0446\\u0435 \\u043f\\u0440\\u043e\\u0434\\u0443\\u043a\\u0442\\u043e\\u0432\"]}}]',41,1),(235,'2024-11-26 08:57:26.089000','1','Яйца',2,'[{\"changed\": {\"fields\": [\"\\u041e\\u043f\\u0438\\u0441\\u0430\\u043d\\u0438\\u0435 \\u043d\\u0430 \\u0441\\u0442\\u0440\\u0430\\u043d\\u0438\\u0446\\u0435 \\u043f\\u0440\\u043e\\u0434\\u0443\\u043a\\u0442\\u043e\\u0432\"]}}]',41,1);
/*!40000 ALTER TABLE `django_admin_log` ENABLE KEYS */;
UNLOCK TABLES;

--
-- Table structure for table `django_content_type`
--

DROP TABLE IF EXISTS `django_content_type`;
/*!40101 SET @saved_cs_client     = @@character_set_client */;
/*!50503 SET character_set_client = utf8mb4 */;
CREATE TABLE `django_content_type` (
  `id` int NOT NULL AUTO_INCREMENT,
  `app_label` varchar(100) COLLATE utf8mb4_general_ci NOT NULL,
  `model` varchar(100) COLLATE utf8mb4_general_ci NOT NULL,
  PRIMARY KEY (`id`),
  UNIQUE KEY `django_content_type_app_label_model_76bd3d3b_uniq` (`app_label`,`model`)
) ENGINE=InnoDB AUTO_INCREMENT=45 DEFAULT CHARSET=utf8mb4 COLLATE=utf8mb4_general_ci;
/*!40101 SET character_set_client = @saved_cs_client */;

--
-- Dumping data for table `django_content_type`
--

LOCK TABLES `django_content_type` WRITE;
/*!40000 ALTER TABLE `django_content_type` DISABLE KEYS */;
INSERT INTO `django_content_type` VALUES (1,'admin','logentry'),(3,'auth','group'),(2,'auth','permission'),(4,'auth','user'),(5,'contenttypes','contenttype'),(39,'pages','category'),(40,'pages','element'),(41,'pages','grocery'),(42,'pages','groceryimage'),(44,'pages','groceryvalue'),(43,'pages','measurementunit'),(6,'sessions','session'),(37,'taggit','tag'),(38,'taggit','taggeditem'),(8,'wagtailadmin','admin'),(35,'wagtailadmin','editingsession'),(14,'wagtailcore','collection'),(13,'wagtailcore','collectionviewrestriction'),(29,'wagtailcore','comment'),(30,'wagtailcore','commentreply'),(9,'wagtailcore','groupapprovaltask'),(15,'wagtailcore','groupcollectionpermission'),(19,'wagtailcore','grouppagepermission'),(10,'wagtailcore','locale'),(12,'wagtailcore','modellogentry'),(7,'wagtailcore','page'),(28,'wagtailcore','pagelogentry'),(31,'wagtailcore','pagesubscription'),(20,'wagtailcore','pageviewrestriction'),(17,'wagtailcore','referenceindex'),(18,'wagtailcore','revision'),(11,'wagtailcore','site'),(24,'wagtailcore','task'),(27,'wagtailcore','taskstate'),(16,'wagtailcore','uploadedfile'),(32,'wagtailcore','userprofile'),(25,'wagtailcore','workflow'),(22,'wagtailcore','workflowcontenttype'),(21,'wagtailcore','workflowpage'),(26,'wagtailcore','workflowstate'),(23,'wagtailcore','workflowtask'),(33,'wagtaildocs','document'),(34,'wagtailimages','image'),(36,'wagtailimages','rendition');
/*!40000 ALTER TABLE `django_content_type` ENABLE KEYS */;
UNLOCK TABLES;

--
-- Table structure for table `django_migrations`
--

DROP TABLE IF EXISTS `django_migrations`;
/*!40101 SET @saved_cs_client     = @@character_set_client */;
/*!50503 SET character_set_client = utf8mb4 */;
CREATE TABLE `django_migrations` (
  `id` bigint NOT NULL AUTO_INCREMENT,
  `app` varchar(255) COLLATE utf8mb4_general_ci NOT NULL,
  `name` varchar(255) COLLATE utf8mb4_general_ci NOT NULL,
  `applied` datetime(6) NOT NULL,
  PRIMARY KEY (`id`)
) ENGINE=InnoDB AUTO_INCREMENT=20 DEFAULT CHARSET=utf8mb4 COLLATE=utf8mb4_general_ci;
/*!40101 SET character_set_client = @saved_cs_client */;

--
-- Dumping data for table `django_migrations`
--

LOCK TABLES `django_migrations` WRITE;
/*!40000 ALTER TABLE `django_migrations` DISABLE KEYS */;
INSERT INTO `django_migrations` VALUES (1,'contenttypes','0001_initial','2024-11-27 07:21:46.376890'),(2,'auth','0001_initial','2024-11-27 07:21:48.779288'),(3,'admin','0001_initial','2024-11-27 07:21:49.309077'),(4,'admin','0002_logentry_remove_auto_add','2024-11-27 07:21:49.325460'),(5,'admin','0003_logentry_add_action_flag_choices','2024-11-27 07:21:49.343277'),(6,'contenttypes','0002_remove_content_type_name','2024-11-27 07:21:49.614313'),(7,'auth','0002_alter_permission_name_max_length','2024-11-27 07:21:49.842077'),(8,'auth','0003_alter_user_email_max_length','2024-11-27 07:21:49.913031'),(9,'auth','0004_alter_user_username_opts','2024-11-27 07:21:49.943959'),(10,'auth','0005_alter_user_last_login_null','2024-11-27 07:21:50.136517'),(11,'auth','0006_require_contenttypes_0002','2024-11-27 07:21:50.147133'),(12,'auth','0007_alter_validators_add_error_messages','2024-11-27 07:21:50.169197'),(13,'auth','0008_alter_user_username_max_length','2024-11-27 07:21:50.433038'),(14,'auth','0009_alter_user_last_name_max_length','2024-11-27 07:21:50.665927'),(15,'auth','0010_alter_group_name_max_length','2024-11-27 07:21:50.710757'),(16,'auth','0011_update_proxy_permissions','2024-11-27 07:21:50.746288'),(17,'auth','0012_alter_user_first_name_max_length','2024-11-27 07:21:51.013238'),(18,'pages','0001_initial','2024-11-27 07:21:51.916682'),(19,'sessions','0001_initial','2024-11-27 07:21:52.081158');
/*!40000 ALTER TABLE `django_migrations` ENABLE KEYS */;
UNLOCK TABLES;

--
-- Table structure for table `django_session`
--

DROP TABLE IF EXISTS `django_session`;
/*!40101 SET @saved_cs_client     = @@character_set_client */;
/*!50503 SET character_set_client = utf8mb4 */;
CREATE TABLE `django_session` (
  `session_key` varchar(40) COLLATE utf8mb4_general_ci NOT NULL,
  `session_data` longtext COLLATE utf8mb4_general_ci NOT NULL,
  `expire_date` datetime(6) NOT NULL,
  PRIMARY KEY (`session_key`),
  KEY `django_session_expire_date_a5c62663` (`expire_date`)
) ENGINE=InnoDB DEFAULT CHARSET=utf8mb4 COLLATE=utf8mb4_general_ci;
/*!40101 SET character_set_client = @saved_cs_client */;

--
-- Dumping data for table `django_session`
--

LOCK TABLES `django_session` WRITE;
/*!40000 ALTER TABLE `django_session` DISABLE KEYS */;
INSERT INTO `django_session` VALUES ('5wzb5spws1hha2bmtz7dsfjqiofjvqyd','.eJxVjEEOwiAQRe_C2hAYSB1duvcMZGAGqRpISrtqvLtt0oVu_3vvryrQMpewdJnCyOqqrDr9bpHSS-oO-En10XRqdZ7GqHdFH7Tre2N53w7376BQL1st1lMy2VCOxCiAGTIYySzJgTeW0dsziThhM6AbvEEAZHeJ1vJmqM8XDJg4Fg:1tDMSt:JsZlTKHM7-9_BjBoXIuPI6AA2v47qctRfMiiIxBzE0g','2024-12-03 11:32:15.394000'),('a0zlch77gjca3e2bcy7jf6z7u9wiudj1','.eJxVjEEOwiAQRe_C2hAYSB1duvcMZGAGqRpISrtqvLtt0oVu_3vvryrQMpewdJnCyOqqrDr9bpHSS-oO-En10XRqdZ7GqHdFH7Tre2N53w7376BQL1st1lMy2VCOxCiAGTIYySzJgTeW0dsziThhM6AbvEEAZHeJ1vJmqM8XDJg4Fg:1svL9x:BDNxm2_aPq1RRUWIi9xuau6mkd_ViCUAZY-3YLJ2N60','2024-10-14 18:30:13.577000'),('i1h3qpmjrbqq79tts2cjer8wugysduwu','.eJxVjEEOwiAQRe_C2hAYSB1duvcMZGAGqRpISrtqvLtt0oVu_3vvryrQMpewdJnCyOqqrDr9bpHSS-oO-En10XRqdZ7GqHdFH7Tre2N53w7376BQL1st1lMy2VCOxCiAGTIYySzJgTeW0dsziThhM6AbvEEAZHeJ1vJmqM8XDJg4Fg:1tASYm:o_dTluVHdYu_LR5jLwlNsgbFUdASeyMInPZemAi473w','2024-11-25 11:26:20.024000'),('jp97qqulf2koge72n7pwurx9p48kqv3n','.eJxVjEEOwiAQRe_C2hAYSB1duvcMZGAGqRpISrtqvLtt0oVu_3vvryrQMpewdJnCyOqqrDr9bpHSS-oO-En10XRqdZ7GqHdFH7Tre2N53w7376BQL1st1lMy2VCOxCiAGTIYySzJgTeW0dsziThhM6AbvEEAZHeJ1vJmqM8XDJg4Fg:1tFA2M:DeiQUlDa2RxXKXj-4sXyfEMUSBCuNYRjUdtwJFCJrRY','2024-12-08 10:40:18.698000'),('ubdy99o6vhwixx3rido2ve8644w5sy1j','.eJxVjEEOwiAQRe_C2hAYSB1duvcMZGAGqRpISrtqvLtt0oVu_3vvryrQMpewdJnCyOqqrDr9bpHSS-oO-En10XRqdZ7GqHdFH7Tre2N53w7376BQL1st1lMy2VCOxCiAGTIYySzJgTeW0dsziThhM6AbvEEAZHeJ1vJmqM8XDJg4Fg:1t0blN:NAFjBlVPh6lyMwYmXX7QcvXCPhfa_bIXu1Q7yomOgJ0','2024-10-29 07:14:37.726000');
/*!40000 ALTER TABLE `django_session` ENABLE KEYS */;
UNLOCK TABLES;

--
-- Table structure for table `pages_element`
--

DROP TABLE IF EXISTS `pages_element`;
/*!40101 SET @saved_cs_client     = @@character_set_client */;
/*!50503 SET character_set_client = utf8mb4 */;
CREATE TABLE `pages_element` (
  `id` bigint NOT NULL AUTO_INCREMENT,
  `name` varchar(249) COLLATE utf8mb4_general_ci NOT NULL,
  `image` varchar(100) COLLATE utf8mb4_general_ci DEFAULT NULL,
  `image_webp` varchar(100) COLLATE utf8mb4_general_ci DEFAULT NULL,
  `description` longtext COLLATE utf8mb4_general_ci NOT NULL,
  PRIMARY KEY (`id`)
) ENGINE=InnoDB AUTO_INCREMENT=4 DEFAULT CHARSET=utf8mb4 COLLATE=utf8mb4_general_ci;
/*!40101 SET character_set_client = @saved_cs_client */;

--
-- Dumping data for table `pages_element`
--

LOCK TABLES `pages_element` WRITE;
/*!40000 ALTER TABLE `pages_element` DISABLE KEYS */;
INSERT INTO `pages_element` VALUES (1,'Первый элемент','elements/images/Журнал.png','elements/images/webp/Журнал.webp','У нас в ассортименте вы найдете все необходимое для качественного питания: свежие яйца, высококачественную муку разных сортов, разнообразные крупы, макароны, консервацию и растительные масла.'),(2,'Второй элемент','elements/images/home-top-1_6B0XxbM.webp','elements/images/webp/home-top-1_6B0XxbM.webp','Наша компания осуществляет доставку продуктов питания бакалейной группы в рестораны, магазины, санатории, кондитерские и оптовые базы по всему городу Сочи. Мы охватываем все районы, обеспечивая быструю и надежную доставку в любое время.'),(3,'Третий элемент','elements/images/66666_j2k6aQa.jpg','elements/images/webp/66666_j2k6aQa.webp','Мы работаем только с проверенными производителями, что гарантирует высокое качество нашей продукции. Наша цель — предложить вам лучшие продукты, которые станут основой для ваших кулинарных шедевров. С нами вы получите только самое лучшее для вашего бизнеса и дома.');
/*!40000 ALTER TABLE `pages_element` ENABLE KEYS */;
UNLOCK TABLES;

--
-- Table structure for table `pages_grocery`
--

DROP TABLE IF EXISTS `pages_grocery`;
/*!40101 SET @saved_cs_client     = @@character_set_client */;
/*!50503 SET character_set_client = utf8mb4 */;
CREATE TABLE `pages_grocery` (
  `id` bigint NOT NULL AUTO_INCREMENT,
  `name` varchar(249) COLLATE utf8mb4_general_ci NOT NULL,
  `certificate` varchar(100) COLLATE utf8mb4_general_ci DEFAULT NULL,
  `image` varchar(100) COLLATE utf8mb4_general_ci DEFAULT NULL,
  `image_webp` varchar(100) COLLATE utf8mb4_general_ci DEFAULT NULL,
  `main_description` longtext COLLATE utf8mb4_general_ci NOT NULL,
  `description` longtext COLLATE utf8mb4_general_ci NOT NULL,
  `slug` varchar(150) COLLATE utf8mb4_general_ci NOT NULL,
  PRIMARY KEY (`id`),
  UNIQUE KEY `slug` (`slug`)
) ENGINE=InnoDB AUTO_INCREMENT=5 DEFAULT CHARSET=utf8mb4 COLLATE=utf8mb4_general_ci;
/*!40101 SET character_set_client = @saved_cs_client */;

--
-- Dumping data for table `pages_grocery`
--

LOCK TABLES `pages_grocery` WRITE;
/*!40000 ALTER TABLE `pages_grocery` DISABLE KEYS */;
INSERT INTO `pages_grocery` VALUES (1,'Яйца','','groceries/images/eggs.jpg','groceries/images/webp/eggs_4IgYdeF.webp','Свежие и качественные яйца для вашего стола.','У нас представлена широкая линейка яиц разных сортов и цветов от Таганрогской и Свердловской птицефабрик.','eggs'),(2,'Мука и макаронные изделия','certificates/Старый_оскол.png','groceries/images/категория_муки.webp','groceries/images/webp/категория_муки_H2PIQxV.webp','Разнообразие муки и макаронных изделий на любой вкус.','У нас представлена продукция Старооскольского мукомольного завода, входящего в состав ТД \"Оскольская Мука\", мельничного хозяйства \"Лада\" под управлением ТД \"Аверс\".','flour'),(3,'Крупы и злаки','certificates/Основва.png','groceries/images/cereal.jpg','groceries/images/webp/cereal_OyiElaB.webp','Высококачественные крупы и злаки от проверенных производителей.','У нас широкий ассортимент разных видов круп и злаковых торговой марки \"Основа\" и \"Бакалейная лавка\".','cereal'),(4,'Консервация','certificates/Сертификат_дистрибьютора_2027_kcgCu4p.jpeg','groceries/images/canned.jpg','groceries/images/webp/canned_IoiSUtT.webp','Разнообразные консервы, включая овощные, фруктовые и мясные.','Мы сотрудничаем с производственным объединением провереных заводов \"Знаток\" изготавливающих консервы высшей категории качества.','canned');
/*!40000 ALTER TABLE `pages_grocery` ENABLE KEYS */;
UNLOCK TABLES;

--
-- Table structure for table `pages_groceryimage`
--

DROP TABLE IF EXISTS `pages_groceryimage`;
/*!40101 SET @saved_cs_client     = @@character_set_client */;
/*!50503 SET character_set_client = utf8mb4 */;
CREATE TABLE `pages_groceryimage` (
  `id` bigint NOT NULL AUTO_INCREMENT,
  `image` varchar(100) COLLATE utf8mb4_general_ci DEFAULT NULL,
  `image_webp` varchar(100) COLLATE utf8mb4_general_ci DEFAULT NULL,
  `description` longtext COLLATE utf8mb4_general_ci NOT NULL,
  `is_active` tinyint(1) NOT NULL,
  `grocery_id` bigint NOT NULL,
  PRIMARY KEY (`id`),
  KEY `pages_groceryimage_grocery_id_0628b32e_fk_pages_grocery_id` (`grocery_id`),
  CONSTRAINT `pages_groceryimage_grocery_id_0628b32e_fk_pages_grocery_id` FOREIGN KEY (`grocery_id`) REFERENCES `pages_grocery` (`id`)
) ENGINE=InnoDB AUTO_INCREMENT=50 DEFAULT CHARSET=utf8mb4 COLLATE=utf8mb4_general_ci;
/*!40101 SET character_set_client = @saved_cs_client */;

--
-- Dumping data for table `pages_groceryimage`
--

LOCK TABLES `pages_groceryimage` WRITE;
/*!40000 ALTER TABLE `pages_groceryimage` DISABLE KEYS */;
INSERT INTO `pages_groceryimage` VALUES (1,'grocery_images/деревенька.png','grocery_images/webp/деревенька.webp','Яйцо C1 ДЕРЕВЕНЬКА , Свердловская птицефабрика.',1,1),(2,'grocery_images/Белые_яйца.png','grocery_images/webp/Белые_яйца.webp','Яйцо С1 БЕЛОЕ, Свердловская птицефабрика.',1,1),(6,'grocery_images/манка.png','grocery_images/webp/манка_7Lc1Z19.webp','Манная крупа \"Славна\"',1,3),(7,'grocery_images/Гречка_основа.png','grocery_images/webp/Гречка_основа.webp','Гречневая крупа \"Основа\"',1,3),(8,'grocery_images/Паштеты.png','grocery_images/webp/Паштеты.webp','Паштеты \"Знаток\" в асс.',1,4),(9,'grocery_images/Корнишоны_знаток.png','grocery_images/webp/Корнишоны_знаток.webp','Огурцы корнишоны \"Знаток\"',1,4),(10,'grocery_images/белонежная.png','grocery_images/webp/белонежная.webp','Мука \"Бело-нежная\" пшеничная высшего сорта',1,2),(11,'grocery_images/Французская_штучка.png','grocery_images/webp/Французская_штучка.webp','Мука \"Французская штучка\" высшего сорта Экстра',1,2),(12,'grocery_images/Славна_логотип.png','grocery_images/webp/Славна_логотип_NwoU1pP.webp','Мука и макаронные изделия торговой марки \"Славна\"',1,2),(13,'grocery_images/Лада_пачка.png','grocery_images/webp/Лада_пачка.webp','Мука торговой марки \"Лада\" высшего сорта',1,2),(14,'grocery_images/Таганрог.png','grocery_images/webp/Таганрог.webp','Яйцо С1, Таганрогская птицефабрика.',1,1),(15,'grocery_images/Рис_Основа.png','grocery_images/webp/Рис_Основа.webp','Рисовая крупа \"Основа\"',1,3),(16,'grocery_images/Пшеничная_бакалейная_лавка.png','grocery_images/webp/Пшеничная_бакалейная_лавка.webp','Пшеничная крупа \"Бакалейная лавка\"',1,3),(17,'grocery_images/Геркулес_бакалейная_лавка_XqWZwKR.png','grocery_images/webp/Геркулес_бакалейная_лавка_XqWZwKR.webp','Крупа овсяная \"Бакалейная лавка\"',1,3),(18,'grocery_images/Персики_знаток.png','grocery_images/webp/Персики_знаток.webp','Персики в сиропе \"Знаток\"',1,4),(19,'grocery_images/Шпроты_знаток.png','grocery_images/webp/Шпроты_знаток.webp','Рыбные консервы Шпроты \"Знаток\"',1,4),(21,'grocery_images/3Д_Салат_из_кабачков_420_г_ЕНД.png','grocery_images/webp/3Д_Салат_из_кабачков_420_г_ЕНД.webp','Салат из кабачков',1,4),(22,'grocery_images/3Д_Салат_шведский_420_г_02_1.png','grocery_images/webp/3Д_Салат_шведский_420_г_02_1.webp','Салат Шведский',1,4),(23,'grocery_images/Extra_virgin_250_мл_.png','grocery_images/webp/Extra_virgin_250_мл_.webp','Масло оливковое',1,4),(24,'grocery_images/Pomace_500_мл.png','grocery_images/webp/Pomace_500_мл.webp','Масло оливоковое для жарки',1,4),(25,'grocery_images/Знаток_Шампиньоны_резаные_850_мл_ПОВАР_ЕНД.png','grocery_images/webp/Знаток_Шампиньоны_резаные_850_мл_ПОВАР_ЕНД.webp','Грибы шампиньоны резанные',1,4),(26,'grocery_images/Ассорти_томаты_и_огурцы_720_2023_Повар.png','grocery_images/webp/Ассорти_томаты_и_огурцы_720_2023_Повар.webp','Ассорти томаты и огурцы',1,4),(27,'grocery_images/Баклажаны_по_гречески_закус_овощная_2024.png','grocery_images/webp/Баклажаны_по_гречески_закус_овощная_2024.webp','Закуска овощная баклажаны по-гречески',1,4),(28,'grocery_images/Ветчина_домашняя_ключ_230_г_2021.png','grocery_images/webp/Ветчина_домашняя_ключ_230_г_2021.webp','Ветчина домашняя',1,4),(29,'grocery_images/Ветчина_классическая_325_г_ключ_2021.png','grocery_images/webp/Ветчина_классическая_325_г_ключ_2021.webp','Ветчина классическая',1,4),(30,'grocery_images/Горошек_425_Повар_Новый_дизайн__Хозяин_Саранск_1.png','grocery_images/webp/Горошек_425_Повар_Новый_дизайн__Хозяин_Саранск_1.webp','Горошек зеленый',1,4),(31,'grocery_images/Закуска_овощная_Венгерская_2023_повар_Новый_дизайн_Серый.png','grocery_images/webp/Закуска_овощная_Венгерская_2023_повар_Новый_дизайн_Серый.webp','Закуска овощная венгерская',1,4),(32,'grocery_images/Знаток_Маслины_без_косточки_280гр_повар.png','grocery_images/webp/Знаток_Маслины_без_косточки_280гр_повар.webp','Маслины бк/cк, 280г',1,4),(33,'grocery_images/Знаток_Оливки_без_косточки_280гр_повар.png','grocery_images/webp/Знаток_Оливки_без_косточки_280гр_повар.webp','Оливки бк/ск',1,4),(34,'grocery_images/Индейка_тушеная_325_г_ключ_2021.png','grocery_images/webp/Индейка_тушеная_325_г_ключ_2021.webp','Индейка тушеная',1,4),(35,'grocery_images/Кабачки_с_овощами_обжаренные_2024.png','grocery_images/webp/Кабачки_с_овощами_обжаренные_2024.webp','Кабачки с овощами обжаренные',1,4),(36,'grocery_images/Кукуруза_сахарная_в_зернах_425_2023_в_заливе_Новый_дизайн_.png','grocery_images/webp/Кукуруза_сахарная_в_зернах_425_2023_в_заливе_Новый_дизайн_.webp','Кукуруза в зернах',1,4),(37,'grocery_images/Лечо_720_повар_2024_Юнона.png','grocery_images/webp/Лечо_720_повар_2024_Юнона.webp','Лечо',1,4),(38,'grocery_images/Огурцы_солёне_720_2023_02.png','grocery_images/webp/Огурцы_солёне_720_2023_02.webp','Огурцы соленые',1,4),(39,'grocery_images/Рулька_540_нов.png','grocery_images/webp/Рулька_540_нов.webp','Рулька копченая',1,4),(40,'grocery_images/Томаты_в_томатной_заливке_680_повар_2023_ЕНД.png','grocery_images/webp/Томаты_в_томатной_заливке_680_повар_2023_ЕНД.webp','Томаты в томатной заливке',1,4),(41,'grocery_images/Томаты_маринованные_720_2023_повар__Новый_дизайн_.png','grocery_images/webp/Томаты_маринованные_720_2023_повар__Новый_дизайн_.webp','Томаты маринованные',1,4),(42,'grocery_images/Фасоль_Белая_консервир_360_повар.png','grocery_images/webp/Фасоль_Белая_консервир_360_повар.webp','Фасоль белая консервированная',1,4),(43,'grocery_images/фасоль_в_томатном_соусе_с_овощами_2023.png','grocery_images/webp/фасоль_в_томатном_соусе_с_овощами_2023.webp','Фасоль в томатном соусе с овощами',1,4),(44,'grocery_images/Фасоль_Красная_консервир_360_повар.png','grocery_images/webp/Фасоль_Красная_консервир_360_повар.webp','Фасоль красная консервированная',1,4),(45,'grocery_images/Черри_маринованные_720_2023_НОВЫЙ_Дизайн_Повар_ЕНД.png','grocery_images/webp/Черри_маринованные_720_2023_НОВЫЙ_Дизайн_Повар_ЕНД.webp','Томаты черри маринованные',1,4),(46,'grocery_images/Язк_деликатесный_325_г_ключ_2021.png','grocery_images/webp/Язк_деликатесный_325_г_ключ_2021.webp','Язык деликатесный',1,4),(47,'grocery_images/моя_станица.png','grocery_images/webp/моя_станица.webp','Мука торговой марки \"Моя станица\" высшего сорта',1,2),(48,'grocery_images/белонежная_10кг.png','grocery_images/webp/белонежная_10кг.webp','Мука \"Бело-нежная\" пшеничная высшего сорта',1,2),(49,'grocery_images/городищенская_50кг.png','grocery_images/webp/городищенская_50кг.webp','Мука \"Славна\" Городищенского КХП, Высшего сорта',1,2);
/*!40000 ALTER TABLE `pages_groceryimage` ENABLE KEYS */;
UNLOCK TABLES;

--
-- Table structure for table `pages_groceryvalue`
--

DROP TABLE IF EXISTS `pages_groceryvalue`;
/*!40101 SET @saved_cs_client     = @@character_set_client */;
/*!50503 SET character_set_client = utf8mb4 */;
CREATE TABLE `pages_groceryvalue` (
  `id` bigint NOT NULL AUTO_INCREMENT,
  `value` int unsigned NOT NULL,
  `grocery_image_id` bigint NOT NULL,
  `measurement_unit_id` bigint NOT NULL,
  PRIMARY KEY (`id`),
  KEY `pages_groceryvalue_grocery_image_id_9d6df84c_fk_pages_gro` (`grocery_image_id`),
  KEY `pages_groceryvalue_measurement_unit_id_71a95a61_fk_pages_mea` (`measurement_unit_id`),
  CONSTRAINT `pages_groceryvalue_grocery_image_id_9d6df84c_fk_pages_gro` FOREIGN KEY (`grocery_image_id`) REFERENCES `pages_groceryimage` (`id`),
  CONSTRAINT `pages_groceryvalue_measurement_unit_id_71a95a61_fk_pages_mea` FOREIGN KEY (`measurement_unit_id`) REFERENCES `pages_measurementunit` (`id`),
  CONSTRAINT `pages_groceryvalue_chk_1` CHECK ((`value` >= 0))
) ENGINE=InnoDB AUTO_INCREMENT=53 DEFAULT CHARSET=utf8mb4 COLLATE=utf8mb4_general_ci;
/*!40101 SET character_set_client = @saved_cs_client */;

--
-- Dumping data for table `pages_groceryvalue`
--

LOCK TABLES `pages_groceryvalue` WRITE;
/*!40000 ALTER TABLE `pages_groceryvalue` DISABLE KEYS */;
INSERT INTO `pages_groceryvalue` VALUES (1,325,46,4),(2,720,45,3),(3,360,44,4),(4,360,42,4),(5,720,41,4),(6,680,40,4),(7,540,39,4),(8,720,38,3),(9,720,37,3),(10,425,36,4),(11,325,34,4),(12,280,33,4),(13,425,30,4),(14,325,29,4),(15,230,28,4),(16,720,26,4),(17,420,25,3),(18,850,25,3),(19,500,24,3),(20,250,23,3),(21,420,22,4),(22,420,21,4),(23,150,19,4),(24,270,18,3),(25,720,18,3),(26,720,9,3),(27,140,8,4),(28,270,8,4),(29,400,17,4),(30,700,16,4),(31,700,15,4),(32,3,15,1),(33,700,7,4),(34,3,7,1),(35,1,6,1),(36,1,47,1),(37,2,47,1),(38,1,13,1),(39,2,13,1),(40,10,13,1),(41,50,13,1),(42,1,11,1),(43,2,11,1),(44,1,10,1),(45,2,10,1),(46,360,14,5),(47,360,1,5),(48,360,2,5),(49,10,48,1),(50,15,48,1),(51,25,49,1),(52,50,49,1);
/*!40000 ALTER TABLE `pages_groceryvalue` ENABLE KEYS */;
UNLOCK TABLES;

--
-- Table structure for table `pages_measurementunit`
--

DROP TABLE IF EXISTS `pages_measurementunit`;
/*!40101 SET @saved_cs_client     = @@character_set_client */;
/*!50503 SET character_set_client = utf8mb4 */;
CREATE TABLE `pages_measurementunit` (
  `id` bigint NOT NULL AUTO_INCREMENT,
  `name` varchar(50) COLLATE utf8mb4_general_ci NOT NULL,
  `abbreviation` varchar(5) COLLATE utf8mb4_general_ci NOT NULL,
  PRIMARY KEY (`id`)
) ENGINE=InnoDB AUTO_INCREMENT=6 DEFAULT CHARSET=utf8mb4 COLLATE=utf8mb4_general_ci;
/*!40101 SET character_set_client = @saved_cs_client */;

--
-- Dumping data for table `pages_measurementunit`
--

LOCK TABLES `pages_measurementunit` WRITE;
/*!40000 ALTER TABLE `pages_measurementunit` DISABLE KEYS */;
INSERT INTO `pages_measurementunit` VALUES (1,'Килограмм','кг'),(2,'Литр','л'),(3,'Милилитр','мл'),(4,'Грамм','г'),(5,'Штука','шт');
/*!40000 ALTER TABLE `pages_measurementunit` ENABLE KEYS */;
UNLOCK TABLES;
/*!40103 SET TIME_ZONE=@OLD_TIME_ZONE */;

/*!40101 SET SQL_MODE=@OLD_SQL_MODE */;
/*!40014 SET FOREIGN_KEY_CHECKS=@OLD_FOREIGN_KEY_CHECKS */;
/*!40014 SET UNIQUE_CHECKS=@OLD_UNIQUE_CHECKS */;
/*!40101 SET CHARACTER_SET_CLIENT=@OLD_CHARACTER_SET_CLIENT */;
/*!40101 SET CHARACTER_SET_RESULTS=@OLD_CHARACTER_SET_RESULTS */;
/*!40101 SET COLLATION_CONNECTION=@OLD_COLLATION_CONNECTION */;
/*!40111 SET SQL_NOTES=@OLD_SQL_NOTES */;

-- Dump completed on 2024-11-28  9:47:40
